4HzAF3;5HzAF3;6HzAF3;7HzAF3;4HzAF4;5HzAF4;6HzAF4;7HzAF4;4HzF3;5HzF3;6HzF3;7HzF3;4HzF4;5HzF4;6HzF4;7HzF4;4HzF7;5HzF7;6HzF7;7HzF7;4HzF8;5HzF8;6HzF8;7HzF8
0.002;0.001;0.003;0.000;0.001;0.001;0.003;0.000;0.050;0.034;0.021;0.025;0.005;0.001;0.003;0.000;0.003;0.000;0.003;0.001;0.001;0.002;0.002;0.000
0.001;0.001;0.000;0.002;0.001;0.002;0.000;0.001;0.017;0.017;0.009;0.011;0.001;0.002;0.001;0.001;0.002;0.004;0.001;0.001;0.001;0.001;0.000;0.000
0.006;0.004;0.001;0.001;0.008;0.005;0.001;0.001;0.015;0.010;0.001;0.001;0.006;0.003;0.003;0.002;0.006;0.005;0.004;0.002;0.002;0.002;0.002;0.001
0.005;0.002;0.001;0.002;0.005;0.003;0.002;0.002;0.008;0.002;0.001;0.004;0.004;0.003;0.001;0.002;0.004;0.006;0.003;0.002;0.004;0.002;0.001;0.002
0.003;0.002;0.001;0.001;0.002;0.002;0.000;0.001;0.002;0.000;0.000;0.000;0.002;0.001;0.000;0.000;0.001;0.000;0.000;0.000;0.001;0.001;0.000;0.001
0.003;0.005;0.005;0.007;0.001;0.005;0.004;0.005;0.003;0.000;0.000;0.000;0.000;0.004;0.001;0.004;0.002;0.003;0.000;0.000;0.001;0.003;0.002;0.002
0.002;0.009;0.001;0.001;0.002;0.013;0.003;0.001;0.002;0.002;0.001;0.001;0.002;0.002;0.003;0.002;0.004;0.013;0.002;0.001;0.001;0.004;0.001;0.000
0.008;0.012;0.017;0.010;0.010;0.009;0.019;0.010;0.003;0.001;0.001;0.001;0.011;0.009;0.009;0.008;0.004;0.003;0.013;0.006;0.001;0.001;0.004;0.002
0.003;0.001;0.008;0.002;0.002;0.001;0.004;0.002;0.007;0.006;0.000;0.004;0.002;0.000;0.002;0.003;0.005;0.000;0.007;0.002;0.004;0.000;0.003;0.002
0.001;0.005;0.000;0.002;0.002;0.007;0.002;0.002;0.002;0.001;0.001;0.005;0.007;0.006;0.004;0.003;0.003;0.009;0.001;0.002;0.004;0.003;0.000;0.003
0.008;0.003;0.000;0.001;0.009;0.003;0.001;0.001;0.008;0.002;0.000;0.004;0.020;0.008;0.001;0.001;0.032;0.000;0.000;0.002;0.007;0.005;0.000;0.000
0.003;0.002;0.001;0.000;0.003;0.002;0.002;0.000;0.005;0.004;0.004;0.000;0.003;0.002;0.004;0.000;0.014;0.007;0.005;0.001;0.005;0.004;0.003;0.000
0.010;0.005;0.001;0.000;0.017;0.007;0.001;0.001;0.004;0.003;0.002;0.000;0.010;0.002;0.002;0.000;0.011;0.004;0.003;0.002;0.002;0.003;0.001;0.000
0.021;0.001;0.001;0.002;0.025;0.001;0.001;0.002;0.013;0.001;0.001;0.002;0.025;0.000;0.002;0.001;0.016;0.000;0.002;0.003;0.006;0.001;0.001;0.002
0.006;0.001;0.006;0.005;0.008;0.002;0.007;0.006;0.004;0.003;0.005;0.003;0.009;0.004;0.008;0.004;0.003;0.001;0.012;0.004;0.001;0.002;0.004;0.003
0.010;0.003;0.004;0.009;0.013;0.003;0.008;0.010;0.003;0.004;0.004;0.007;0.025;0.005;0.019;0.008;0.016;0.004;0.009;0.006;0.002;0.005;0.002;0.006
0.005;0.005;0.000;0.002;0.004;0.007;0.002;0.001;0.005;0.001;0.000;0.004;0.012;0.002;0.002;0.005;0.006;0.005;0.002;0.000;0.003;0.002;0.000;0.001
0.001;0.002;0.001;0.001;0.001;0.002;0.002;0.000;0.004;0.000;0.001;0.002;0.000;0.001;0.001;0.001;0.001;0.001;0.001;0.001;0.004;0.001;0.001;0.001
0.003;0.004;0.001;0.001;0.004;0.003;0.002;0.000;0.001;0.005;0.000;0.001;0.002;0.001;0.003;0.000;0.010;0.008;0.002;0.001;0.001;0.006;0.001;0.002
0.002;0.002;0.001;0.000;0.001;0.003;0.003;0.000;0.002;0.003;0.001;0.001;0.001;0.001;0.002;0.003;0.006;0.008;0.006;0.000;0.002;0.002;0.002;0.000
0.000;0.003;0.001;0.001;0.001;0.002;0.001;0.002;0.001;0.003;0.000;0.000;0.001;0.003;0.000;0.000;0.001;0.003;0.002;0.002;0.001;0.003;0.001;0.001
0.005;0.001;0.001;0.000;0.008;0.003;0.001;0.000;0.002;0.002;0.001;0.000;0.005;0.002;0.000;0.000;0.008;0.006;0.002;0.002;0.002;0.003;0.001;0.000
0.002;0.001;0.002;0.000;0.003;0.002;0.001;0.001;0.003;0.002;0.000;0.001;0.003;0.002;0.000;0.001;0.007;0.002;0.001;0.002;0.005;0.001;0.000;0.001
0.005;0.001;0.000;0.001;0.005;0.002;0.001;0.001;0.001;0.001;0.001;0.000;0.004;0.001;0.002;0.001;0.010;0.001;0.001;0.004;0.002;0.002;0.000;0.001
0.007;0.001;0.000;0.000;0.013;0.001;0.001;0.001;0.002;0.002;0.000;0.000;0.010;0.002;0.001;0.002;0.005;0.007;0.000;0.001;0.002;0.001;0.000;0.000
0.003;0.000;0.000;0.000;0.007;0.001;0.000;0.000;0.001;0.001;0.000;0.000;0.003;0.001;0.000;0.002;0.005;0.004;0.002;0.001;0.001;0.002;0.000;0.000
0.001;0.000;0.000;0.000;0.003;0.000;0.000;0.002;0.002;0.001;0.001;0.000;0.002;0.001;0.001;0.004;0.004;0.000;0.000;0.007;0.001;0.000;0.001;0.000
0.001;0.000;0.004;0.002;0.003;0.000;0.003;0.003;0.003;0.004;0.007;0.002;0.005;0.003;0.005;0.009;0.004;0.001;0.003;0.004;0.001;0.002;0.004;0.002
0.001;0.002;0.004;0.002;0.002;0.002;0.004;0.003;0.005;0.003;0.004;0.000;0.007;0.002;0.005;0.002;0.009;0.005;0.003;0.001;0.003;0.001;0.004;0.000
0.001;0.000;0.005;0.002;0.002;0.003;0.005;0.003;0.007;0.007;0.008;0.005;0.005;0.011;0.009;0.008;0.005;0.005;0.013;0.006;0.004;0.002;0.006;0.003
0.000;0.001;0.003;0.000;0.001;0.004;0.003;0.000;0.003;0.000;0.008;0.002;0.001;0.003;0.003;0.000;0.004;0.003;0.002;0.000;0.001;0.001;0.004;0.000
0.000;0.001;0.003;0.001;0.001;0.001;0.002;0.000;0.003;0.001;0.000;0.000;0.006;0.001;0.001;0.000;0.003;0.001;0.000;0.000;0.000;0.001;0.002;0.001
0.006;0.003;0.000;0.002;0.006;0.003;0.000;0.004;0.015;0.005;0.005;0.003;0.002;0.000;0.001;0.003;0.002;0.002;0.001;0.004;0.004;0.002;0.000;0.001
0.003;0.003;0.002;0.002;0.002;0.004;0.001;0.003;0.001;0.001;0.003;0.001;0.001;0.002;0.004;0.003;0.004;0.001;0.001;0.002;0.001;0.003;0.001;0.001
0.000;0.000;0.002;0.001;0.000;0.000;0.002;0.000;0.002;0.001;0.001;0.001;0.001;0.000;0.002;0.000;0.008;0.002;0.002;0.002;0.001;0.000;0.001;0.000
0.001;0.000;0.003;0.004;0.001;0.001;0.004;0.006;0.000;0.004;0.001;0.001;0.001;0.002;0.002;0.003;0.001;0.001;0.001;0.005;0.001;0.002;0.000;0.001
0.002;0.002;0.007;0.001;0.002;0.001;0.007;0.002;0.002;0.000;0.005;0.000;0.006;0.003;0.002;0.002;0.002;0.000;0.005;0.001;0.001;0.000;0.003;0.001
0.004;0.006;0.000;0.000;0.012;0.003;0.002;0.000;0.004;0.016;0.003;0.001;0.001;0.005;0.000;0.001;0.003;0.009;0.000;0.001;0.000;0.008;0.000;0.001
0.018;0.008;0.005;0.001;0.023;0.006;0.005;0.002;0.010;0.003;0.002;0.003;0.006;0.002;0.000;0.000;0.004;0.003;0.001;0.001;0.002;0.001;0.000;0.001
0.018;0.007;0.001;0.001;0.022;0.007;0.003;0.002;0.002;0.005;0.004;0.005;0.016;0.004;0.003;0.002;0.010;0.011;0.007;0.007;0.006;0.006;0.003;0.005
0.010;0.008;0.000;0.007;0.010;0.012;0.002;0.006;0.002;0.007;0.000;0.006;0.006;0.012;0.001;0.006;0.015;0.011;0.005;0.009;0.007;0.005;0.002;0.004
0.001;0.003;0.000;0.000;0.002;0.002;0.001;0.000;0.000;0.003;0.000;0.000;0.002;0.002;0.002;0.001;0.001;0.001;0.003;0.001;0.000;0.001;0.000;0.000
0.000;0.006;0.006;0.000;0.000;0.008;0.014;0.000;0.001;0.002;0.003;0.002;0.000;0.004;0.010;0.002;0.002;0.006;0.016;0.001;0.000;0.011;0.010;0.002
0.002;0.006;0.002;0.000;0.004;0.011;0.003;0.000;0.002;0.008;0.002;0.000;0.001;0.010;0.003;0.000;0.011;0.027;0.001;0.000;0.007;0.022;0.001;0.002
0.003;0.002;0.003;0.001;0.007;0.001;0.002;0.001;0.006;0.004;0.002;0.000;0.003;0.003;0.002;0.001;0.002;0.003;0.005;0.000;0.022;0.018;0.013;0.001
0.000;0.007;0.002;0.000;0.001;0.005;0.000;0.000;0.002;0.004;0.001;0.001;0.001;0.006;0.000;0.000;0.000;0.004;0.001;0.000;0.001;0.005;0.002;0.002
0.000;0.003;0.002;0.002;0.000;0.003;0.003;0.002;0.000;0.003;0.002;0.001;0.000;0.004;0.004;0.002;0.001;0.006;0.004;0.002;0.001;0.004;0.002;0.000
0.001;0.000;0.007;0.000;0.001;0.001;0.006;0.001;0.001;0.000;0.005;0.000;0.002;0.001;0.010;0.000;0.004;0.002;0.010;0.003;0.001;0.001;0.002;0.001
0.000;0.000;0.004;0.000;0.001;0.001;0.003;0.001;0.002;0.000;0.005;0.000;0.003;0.000;0.004;0.001;0.005;0.000;0.007;0.001;0.000;0.000;0.004;0.000
0.001;0.001;0.000;0.001;0.001;0.003;0.001;0.000;0.001;0.001;0.001;0.000;0.003;0.000;0.001;0.000;0.005;0.008;0.003;0.000;0.001;0.003;0.001;0.000
0.003;0.011;0.000;0.002;0.001;0.011;0.000;0.000;0.002;0.001;0.002;0.000;0.004;0.001;0.001;0.001;0.001;0.008;0.001;0.000;0.001;0.002;0.000;0.001
0.033;0.026;0.003;0.015;0.031;0.033;0.001;0.015;0.003;0.001;0.011;0.003;0.008;0.008;0.008;0.006;0.025;0.018;0.009;0.010;0.016;0.015;0.002;0.006
0.007;0.002;0.005;0.004;0.011;0.002;0.005;0.008;0.016;0.002;0.001;0.003;0.012;0.004;0.010;0.006;0.018;0.008;0.010;0.009;0.005;0.005;0.013;0.002
0.020;0.018;0.015;0.026;0.008;0.014;0.007;0.015;0.006;0.000;0.002;0.003;0.000;0.005;0.000;0.010;0.000;0.002;0.000;0.004;0.004;0.005;0.005;0.007
0.011;0.020;0.010;0.004;0.005;0.014;0.007;0.005;0.003;0.001;0.000;0.003;0.000;0.002;0.000;0.005;0.000;0.002;0.002;0.003;0.002;0.001;0.000;0.002
0.005;0.003;0.008;0.009;0.007;0.002;0.009;0.009;0.001;0.000;0.002;0.001;0.001;0.000;0.004;0.003;0.005;0.000;0.006;0.005;0.001;0.001;0.001;0.000
0.000;0.004;0.001;0.001;0.001;0.004;0.001;0.001;0.004;0.003;0.002;0.001;0.003;0.005;0.003;0.003;0.002;0.002;0.001;0.002;0.000;0.003;0.002;0.002
0.003;0.004;0.001;0.005;0.001;0.006;0.000;0.008;0.002;0.006;0.000;0.003;0.002;0.006;0.001;0.007;0.008;0.005;0.001;0.005;0.005;0.007;0.001;0.004
0.008;0.020;0.002;0.014;0.005;0.020;0.001;0.014;0.005;0.002;0.007;0.001;0.002;0.005;0.002;0.004;0.002;0.020;0.001;0.013;0.000;0.007;0.000;0.005
0.077;0.030;0.054;0.013;0.069;0.022;0.062;0.010;0.015;0.014;0.000;0.010;0.008;0.003;0.017;0.003;0.014;0.001;0.021;0.000;0.009;0.001;0.009;0.000
0.035;0.018;0.018;0.007;0.035;0.019;0.019;0.013;0.001;0.001;0.004;0.003;0.019;0.019;0.017;0.017;0.011;0.010;0.007;0.007;0.005;0.003;0.006;0.002
0.014;0.012;0.010;0.004;0.011;0.018;0.008;0.009;0.018;0.009;0.009;0.007;0.004;0.001;0.001;0.001;0.004;0.004;0.001;0.002;0.001;0.001;0.002;0.000
0.064;0.045;0.024;0.019;0.054;0.039;0.020;0.022;0.004;0.002;0.004;0.001;0.009;0.011;0.000;0.004;0.015;0.012;0.003;0.006;0.007;0.007;0.001;0.002
0.061;0.021;0.023;0.010;0.058;0.019;0.022;0.006;0.004;0.001;0.000;0.001;0.037;0.002;0.004;0.004;0.042;0.007;0.015;0.001;0.015;0.001;0.004;0.001
0.005;0.002;0.003;0.001;0.005;0.000;0.002;0.001;0.001;0.001;0.001;0.000;0.012;0.006;0.005;0.002;0.025;0.010;0.008;0.009;0.003;0.002;0.002;0.000
0.007;0.001;0.002;0.000;0.006;0.001;0.002;0.000;0.002;0.000;0.000;0.003;0.011;0.002;0.000;0.002;0.002;0.000;0.002;0.001;0.001;0.000;0.000;0.001
0.020;0.006;0.005;0.002;0.016;0.007;0.004;0.002;0.005;0.001;0.002;0.001;0.005;0.005;0.005;0.001;0.013;0.010;0.005;0.002;0.006;0.004;0.003;0.000
0.021;0.005;0.004;0.008;0.019;0.004;0.003;0.008;0.008;0.001;0.000;0.003;0.019;0.003;0.002;0.005;0.015;0.001;0.001;0.005;0.009;0.001;0.001;0.004
0.013;0.006;0.006;0.001;0.012;0.004;0.004;0.001;0.004;0.001;0.001;0.000;0.008;0.002;0.001;0.000;0.012;0.005;0.003;0.002;0.003;0.001;0.002;0.000
0.001;0.000;0.001;0.001;0.002;0.000;0.002;0.001;0.000;0.003;0.000;0.001;0.000;0.002;0.001;0.002;0.001;0.001;0.000;0.000;0.002;0.000;0.001;0.001
0.000;0.001;0.000;0.002;0.000;0.002;0.000;0.002;0.000;0.001;0.000;0.001;0.002;0.002;0.000;0.002;0.001;0.003;0.000;0.001;0.000;0.001;0.000;0.001
0.001;0.004;0.002;0.001;0.003;0.008;0.004;0.002;0.003;0.003;0.002;0.000;0.003;0.001;0.003;0.001;0.003;0.005;0.005;0.003;0.005;0.004;0.003;0.000
0.003;0.001;0.000;0.003;0.006;0.001;0.002;0.003;0.003;0.001;0.001;0.003;0.003;0.003;0.003;0.002;0.007;0.002;0.007;0.008;0.003;0.000;0.001;0.002
0.000;0.001;0.004;0.002;0.001;0.001;0.003;0.002;0.000;0.001;0.003;0.001;0.001;0.000;0.000;0.001;0.004;0.001;0.002;0.004;0.000;0.000;0.003;0.001
0.002;0.000;0.003;0.000;0.002;0.000;0.003;0.001;0.002;0.001;0.002;0.000;0.001;0.000;0.002;0.002;0.009;0.002;0.004;0.001;0.004;0.000;0.004;0.000
0.003;0.004;0.002;0.001;0.003;0.004;0.003;0.003;0.004;0.002;0.002;0.000;0.004;0.009;0.010;0.001;0.009;0.005;0.006;0.004;0.011;0.000;0.002;0.000
0.009;0.000;0.000;0.002;0.005;0.000;0.000;0.001;0.009;0.000;0.000;0.002;0.000;0.001;0.004;0.008;0.002;0.002;0.000;0.005;0.009;0.001;0.000;0.000
0.005;0.007;0.001;0.003;0.005;0.006;0.001;0.002;0.004;0.006;0.002;0.002;0.005;0.001;0.001;0.000;0.007;0.007;0.002;0.001;0.004;0.009;0.000;0.003
0.006;0.000;0.007;0.002;0.006;0.000;0.007;0.003;0.006;0.003;0.015;0.001;0.007;0.002;0.003;0.003;0.008;0.001;0.015;0.001;0.003;0.002;0.008;0.002
0.002;0.000;0.001;0.002;0.002;0.000;0.003;0.003;0.002;0.001;0.006;0.002;0.002;0.001;0.001;0.001;0.007;0.002;0.004;0.000;0.002;0.001;0.003;0.001
0.000;0.000;0.000;0.000;0.000;0.000;0.000;0.000;0.000;0.002;0.000;0.000;0.000;0.000;0.000;0.000;0.000;0.000;0.000;0.000;0.000;0.000;0.000;0.000
0.019;0.008;0.010;0.001;0.022;0.007;0.009;0.001;0.001;0.002;0.001;0.001;0.012;0.008;0.009;0.001;0.007;0.002;0.003;0.001;0.003;0.002;0.002;0.001
0.009;0.005;0.014;0.006;0.017;0.005;0.017;0.004;0.000;0.000;0.003;0.001;0.007;0.000;0.012;0.002;0.006;0.002;0.006;0.001;0.003;0.001;0.004;0.000
0.001;0.004;0.001;0.000;0.001;0.003;0.001;0.002;0.001;0.004;0.000;0.000;0.000;0.000;0.002;0.001;0.002;0.008;0.001;0.002;0.000;0.002;0.000;0.000
0.000;0.001;0.000;0.000;0.001;0.001;0.000;0.000;0.000;0.000;0.000;0.001;0.001;0.001;0.001;0.000;0.007;0.005;0.005;0.003;0.000;0.000;0.000;0.000
0.002;0.001;0.001;0.000;0.004;0.001;0.001;0.000;0.001;0.000;0.001;0.000;0.002;0.000;0.000;0.000;0.003;0.000;0.000;0.000;0.000;0.000;0.001;0.000
0.036;0.032;0.013;0.004;0.037;0.034;0.020;0.003;0.018;0.005;0.006;0.011;0.001;0.002;0.001;0.001;0.004;0.001;0.001;0.002;0.003;0.005;0.003;0.000
0.143;0.056;0.043;0.033;0.163;0.063;0.045;0.036;0.004;0.011;0.006;0.004;0.037;0.013;0.008;0.003;0.064;0.010;0.013;0.006;0.019;0.003;0.009;0.002
0.003;0.001;0.001;0.001;0.002;0.005;0.000;0.002;0.027;0.013;0.001;0.008;0.003;0.010;0.001;0.001;0.000;0.015;0.000;0.000;0.001;0.001;0.001;0.000
0.140;0.083;0.041;0.042;0.148;0.086;0.041;0.053;0.001;0.001;0.001;0.000;0.066;0.022;0.008;0.014;0.089;0.041;0.017;0.025;0.022;0.011;0.004;0.005
0.109;0.091;0.063;0.050;0.095;0.079;0.059;0.049;0.000;0.002;0.004;0.006;0.021;0.020;0.013;0.019;0.032;0.034;0.019;0.022;0.010;0.014;0.008;0.011
0.031;0.017;0.018;0.006;0.023;0.010;0.015;0.004;0.002;0.003;0.000;0.004;0.000;0.002;0.000;0.006;0.009;0.002;0.005;0.001;0.002;0.001;0.002;0.001
0.005;0.001;0.003;0.002;0.004;0.002;0.004;0.001;0.004;0.007;0.013;0.000;0.002;0.010;0.012;0.000;0.003;0.006;0.005;0.000;0.001;0.001;0.002;0.000
0.012;0.011;0.010;0.007;0.007;0.010;0.009;0.007;0.003;0.009;0.008;0.007;0.004;0.011;0.009;0.006;0.010;0.013;0.010;0.009;0.004;0.005;0.004;0.002
0.013;0.002;0.006;0.005;0.008;0.001;0.003;0.005;0.001;0.001;0.001;0.000;0.003;0.000;0.000;0.001;0.006;0.002;0.001;0.002;0.003;0.001;0.002;0.001
0.004;0.015;0.017;0.011;0.011;0.021;0.020;0.017;0.005;0.002;0.001;0.002;0.008;0.011;0.012;0.012;0.004;0.003;0.004;0.005;0.002;0.003;0.005;0.005
0.005;0.013;0.006;0.004;0.010;0.014;0.007;0.002;0.003;0.007;0.000;0.004;0.010;0.014;0.004;0.000;0.012;0.003;0.000;0.003;0.003;0.004;0.001;0.002
0.005;0.004;0.000;0.000;0.015;0.011;0.003;0.001;0.009;0.006;0.003;0.003;0.011;0.004;0.004;0.002;0.018;0.022;0.002;0.001;0.031;0.020;0.002;0.000
0.022;0.000;0.001;0.000;0.021;0.000;0.004;0.000;0.015;0.005;0.004;0.003;0.010;0.003;0.005;0.000;0.027;0.001;0.006;0.001;0.020;0.010;0.025;0.008
0.002;0.003;0.000;0.002;0.001;0.004;0.000;0.003;0.003;0.001;0.001;0.001;0.001;0.002;0.001;0.003;0.001;0.007;0.002;0.001;0.022;0.015;0.009;0.003
0.001;0.001;0.002;0.000;0.001;0.001;0.003;0.000;0.003;0.001;0.001;0.001;0.001;0.002;0.001;0.000;0.004;0.000;0.002;0.001;0.005;0.006;0.006;0.003
0.004;0.001;0.001;0.000;0.009;0.001;0.002;0.001;0.002;0.002;0.004;0.002;0.003;0.001;0.001;0.001;0.004;0.000;0.002;0.000;0.000;0.001;0.001;0.000
0.003;0.002;0.001;0.000;0.005;0.001;0.001;0.001;0.002;0.012;0.002;0.001;0.003;0.001;0.000;0.000;0.002;0.002;0.001;0.000;0.000;0.003;0.001;0.000
0.003;0.008;0.006;0.001;0.004;0.007;0.004;0.002;0.000;0.001;0.000;0.000;0.005;0.001;0.003;0.001;0.003;0.006;0.003;0.001;0.001;0.002;0.001;0.001
0.020;0.006;0.016;0.010;0.018;0.002;0.012;0.010;0.003;0.004;0.000;0.001;0.007;0.001;0.013;0.002;0.003;0.005;0.007;0.007;0.004;0.000;0.007;0.007
0.004;0.003;0.003;0.003;0.009;0.004;0.002;0.004;0.003;0.002;0.000;0.004;0.005;0.007;0.002;0.002;0.006;0.004;0.004;0.005;0.005;0.005;0.002;0.002
0.001;0.013;0.002;0.003;0.001;0.012;0.003;0.002;0.014;0.001;0.005;0.002;0.003;0.014;0.003;0.001;0.003;0.008;0.003;0.001;0.016;0.002;0.005;0.000
0.002;0.005;0.003;0.010;0.000;0.009;0.005;0.014;0.037;0.013;0.019;0.000;0.014;0.001;0.009;0.004;0.006;0.002;0.006;0.008;0.004;0.000;0.009;0.000
0.001;0.000;0.001;0.001;0.004;0.000;0.001;0.001;0.020;0.004;0.012;0.001;0.011;0.003;0.004;0.000;0.026;0.011;0.002;0.001;0.000;0.001;0.001;0.001
0.005;0.007;0.001;0.000;0.002;0.005;0.000;0.002;0.001;0.001;0.000;0.001;0.002;0.006;0.001;0.001;0.008;0.002;0.001;0.001;0.002;0.000;0.000;0.001
0.007;0.001;0.003;0.001;0.007;0.001;0.010;0.000;0.012;0.005;0.004;0.003;0.011;0.002;0.008;0.001;0.004;0.004;0.008;0.000;0.003;0.005;0.003;0.002
0.001;0.004;0.001;0.001;0.000;0.004;0.002;0.004;0.000;0.003;0.000;0.004;0.003;0.001;0.001;0.008;0.001;0.001;0.000;0.009;0.001;0.001;0.001;0.004
0.003;0.002;0.001;0.001;0.004;0.002;0.002;0.003;0.000;0.001;0.000;0.000;0.000;0.000;0.000;0.002;0.001;0.001;0.002;0.003;0.002;0.002;0.000;0.001
0.003;0.003;0.001;0.000;0.007;0.002;0.002;0.001;0.001;0.002;0.000;0.001;0.006;0.001;0.001;0.002;0.012;0.011;0.005;0.004;0.002;0.002;0.000;0.000
0.004;0.003;0.001;0.000;0.007;0.004;0.001;0.001;0.002;0.001;0.000;0.000;0.005;0.003;0.000;0.000;0.012;0.008;0.002;0.006;0.002;0.002;0.001;0.000
0.005;0.002;0.001;0.001;0.012;0.001;0.001;0.001;0.002;0.001;0.000;0.001;0.002;0.002;0.000;0.001;0.028;0.020;0.021;0.008;0.003;0.002;0.003;0.002
0.004;0.002;0.002;0.001;0.009;0.001;0.002;0.001;0.002;0.003;0.002;0.001;0.010;0.004;0.004;0.000;0.031;0.016;0.013;0.004;0.008;0.005;0.003;0.001
0.012;0.001;0.002;0.006;0.010;0.001;0.001;0.007;0.002;0.005;0.002;0.001;0.006;0.001;0.000;0.009;0.019;0.004;0.001;0.010;0.008;0.002;0.000;0.004
0.003;0.001;0.005;0.000;0.002;0.000;0.008;0.001;0.001;0.002;0.003;0.000;0.001;0.002;0.007;0.001;0.004;0.004;0.013;0.001;0.001;0.001;0.004;0.000
0.005;0.001;0.002;0.000;0.004;0.002;0.003;0.001;0.001;0.003;0.003;0.001;0.008;0.005;0.001;0.002;0.005;0.007;0.003;0.001;0.005;0.001;0.002;0.000
0.018;0.006;0.004;0.003;0.012;0.004;0.002;0.002;0.003;0.000;0.002;0.001;0.009;0.004;0.002;0.001;0.022;0.006;0.010;0.006;0.015;0.004;0.004;0.003
0.008;0.002;0.002;0.000;0.008;0.002;0.000;0.000;0.002;0.000;0.002;0.000;0.003;0.004;0.003;0.001;0.030;0.006;0.006;0.000;0.006;0.001;0.001;0.000
0.000;0.002;0.001;0.001;0.000;0.005;0.001;0.001;0.018;0.024;0.000;0.004;0.000;0.004;0.011;0.001;0.006;0.005;0.002;0.000;0.000;0.001;0.001;0.000
0.002;0.001;0.001;0.000;0.004;0.001;0.001;0.001;0.007;0.006;0.008;0.002;0.004;0.000;0.003;0.005;0.004;0.001;0.000;0.002;0.000;0.001;0.000;0.000
0.001;0.000;0.001;0.000;0.004;0.001;0.002;0.001;0.028;0.023;0.017;0.006;0.006;0.005;0.006;0.004;0.003;0.000;0.005;0.001;0.001;0.000;0.001;0.000
0.001;0.000;0.000;0.000;0.001;0.001;0.000;0.000;0.002;0.001;0.004;0.002;0.001;0.001;0.003;0.001;0.004;0.001;0.003;0.001;0.000;0.000;0.000;0.000
0.004;0.001;0.000;0.001;0.003;0.001;0.001;0.000;0.005;0.001;0.000;0.000;0.006;0.001;0.001;0.000;0.343;0.232;0.142;0.087;0.002;0.000;0.000;0.001
0.001;0.001;0.001;0.002;0.003;0.002;0.002;0.004;0.006;0.002;0.000;0.005;0.040;0.022;0.020;0.018;0.131;0.002;0.063;0.005;0.002;0.000;0.001;0.002
0.004;0.001;0.002;0.002;0.005;0.001;0.003;0.002;0.002;0.002;0.001;0.002;0.012;0.004;0.006;0.004;0.203;0.075;0.074;0.028;0.004;0.000;0.002;0.000
0.004;0.005;0.001;0.001;0.003;0.002;0.000;0.000;0.001;0.002;0.002;0.000;0.019;0.012;0.007;0.014;0.074;0.056;0.029;0.018;0.003;0.001;0.001;0.000
0.035;0.003;0.015;0.000;0.037;0.003;0.006;0.000;0.002;0.012;0.004;0.006;0.021;0.019;0.001;0.005;0.050;0.001;0.014;0.002;0.007;0.004;0.003;0.001
0.090;0.118;0.025;0.009;0.080;0.108;0.022;0.010;0.008;0.003;0.013;0.010;0.030;0.043;0.012;0.009;0.011;0.030;0.007;0.009;0.005;0.011;0.003;0.004
0.024;0.003;0.031;0.008;0.026;0.002;0.038;0.005;0.015;0.002;0.016;0.006;0.010;0.004;0.028;0.004;0.009;0.001;0.021;0.004;0.005;0.012;0.007;0.002
0.017;0.032;0.014;0.012;0.009;0.039;0.016;0.009;0.046;0.010;0.010;0.005;0.003;0.008;0.004;0.000;0.007;0.007;0.006;0.001;0.006;0.001;0.001;0.005
0.074;0.024;0.056;0.009;0.062;0.014;0.049;0.010;0.007;0.008;0.009;0.031;0.014;0.001;0.024;0.021;0.012;0.001;0.016;0.019;0.003;0.003;0.005;0.017
0.167;0.002;0.062;0.074;0.184;0.002;0.054;0.066;0.097;0.002;0.032;0.032;0.169;0.007;0.032;0.050;0.166;0.009;0.029;0.030;0.087;0.003;0.019;0.014
0.205;0.067;0.005;0.018;0.212;0.084;0.006;0.015;0.083;0.073;0.006;0.014;0.190;0.068;0.006;0.020;0.131;0.087;0.003;0.010;0.082;0.036;0.002;0.007
0.243;0.059;0.065;0.057;0.232;0.069;0.075;0.051;0.102;0.026;0.040;0.018;0.191;0.055;0.060;0.040;0.118;0.048;0.047;0.031;0.092;0.024;0.024;0.020
0.083;0.052;0.028;0.006;0.091;0.067;0.030;0.005;0.061;0.042;0.020;0.002;0.068;0.056;0.025;0.009;0.033;0.037;0.030;0.010;0.039;0.027;0.012;0.001
0.000;0.010;0.009;0.005;0.001;0.009;0.006;0.007;0.004;0.001;0.000;0.000;0.000;0.007;0.004;0.003;0.005;0.018;0.015;0.006;0.001;0.002;0.001;0.001
0.002;0.005;0.007;0.001;0.002;0.006;0.007;0.000;0.001;0.003;0.000;0.000;0.002;0.007;0.002;0.000;0.001;0.008;0.011;0.003;0.000;0.003;0.001;0.000
0.004;0.005;0.002;0.001;0.003;0.008;0.002;0.001;0.001;0.007;0.004;0.000;0.003;0.011;0.003;0.000;0.009;0.004;0.001;0.000;0.001;0.004;0.001;0.001
0.012;0.007;0.001;0.002;0.010;0.006;0.002;0.002;0.007;0.004;0.004;0.001;0.011;0.003;0.006;0.000;0.018;0.006;0.003;0.002;0.004;0.003;0.001;0.001
0.005;0.000;0.001;0.000;0.002;0.001;0.000;0.001;0.001;0.001;0.001;0.000;0.003;0.001;0.000;0.001;0.001;0.006;0.000;0.002;0.001;0.001;0.000;0.000
0.002;0.001;0.003;0.000;0.005;0.001;0.004;0.000;0.000;0.000;0.003;0.000;0.004;0.001;0.005;0.001;0.008;0.002;0.004;0.008;0.003;0.001;0.002;0.001
0.003;0.004;0.000;0.002;0.002;0.010;0.000;0.003;0.007;0.000;0.000;0.000;0.001;0.012;0.002;0.004;0.002;0.007;0.001;0.007;0.008;0.001;0.000;0.001
0.002;0.000;0.001;0.001;0.001;0.000;0.002;0.001;0.026;0.002;0.006;0.002;0.022;0.005;0.009;0.001;0.002;0.000;0.004;0.001;0.005;0.001;0.003;0.000
0.001;0.002;0.002;0.002;0.000;0.001;0.001;0.002;0.007;0.005;0.004;0.006;0.035;0.005;0.023;0.013;0.002;0.001;0.001;0.003;0.005;0.002;0.003;0.002
0.016;0.002;0.003;0.004;0.014;0.001;0.001;0.001;0.008;0.004;0.007;0.003;0.001;0.016;0.002;0.001;0.018;0.003;0.001;0.001;0.013;0.003;0.005;0.004
0.007;0.000;0.002;0.000;0.016;0.000;0.001;0.001;0.011;0.003;0.002;0.003;0.038;0.009;0.005;0.003;0.022;0.001;0.002;0.001;0.004;0.000;0.002;0.001
0.002;0.001;0.006;0.002;0.004;0.001;0.008;0.003;0.002;0.002;0.001;0.000;0.013;0.005;0.001;0.000;0.007;0.002;0.001;0.000;0.000;0.000;0.004;0.001
0.000;0.001;0.000;0.000;0.000;0.001;0.001;0.000;0.003;0.001;0.000;0.001;0.007;0.003;0.001;0.003;0.000;0.001;0.005;0.001;0.000;0.000;0.001;0.000
0.000;0.001;0.003;0.003;0.001;0.001;0.004;0.002;0.003;0.002;0.005;0.007;0.003;0.002;0.007;0.009;0.003;0.007;0.004;0.002;0.002;0.002;0.006;0.003
0.002;0.002;0.004;0.000;0.001;0.004;0.003;0.001;0.002;0.002;0.006;0.001;0.000;0.004;0.008;0.001;0.005;0.015;0.009;0.002;0.003;0.003;0.005;0.001
0.001;0.002;0.002;0.001;0.001;0.003;0.002;0.002;0.000;0.002;0.004;0.002;0.001;0.004;0.004;0.003;0.012;0.001;0.003;0.000;0.001;0.003;0.003;0.002
0.002;0.001;0.001;0.000;0.001;0.002;0.001;0.001;0.000;0.000;0.000;0.002;0.003;0.001;0.001;0.001;0.008;0.010;0.005;0.001;0.000;0.001;0.001;0.000
0.000;0.000;0.001;0.000;0.000;0.002;0.001;0.001;0.000;0.000;0.000;0.000;0.000;0.000;0.000;0.000;0.000;0.001;0.000;0.001;0.000;0.001;0.001;0.000
0.002;0.000;0.001;0.001;0.000;0.000;0.002;0.002;0.008;0.001;0.002;0.000;0.002;0.006;0.002;0.004;0.000;0.001;0.001;0.003;0.001;0.000;0.000;0.001
0.006;0.000;0.001;0.001;0.004;0.001;0.001;0.003;0.012;0.003;0.002;0.002;0.000;0.006;0.002;0.010;0.004;0.001;0.001;0.004;0.003;0.000;0.000;0.000
0.001;0.000;0.001;0.003;0.004;0.001;0.000;0.008;0.002;0.000;0.002;0.002;0.007;0.003;0.001;0.016;0.001;0.007;0.004;0.016;0.001;0.000;0.001;0.002
0.001;0.002;0.002;0.003;0.004;0.002;0.002;0.003;0.000;0.002;0.002;0.003;0.010;0.001;0.006;0.004;0.005;0.016;0.001;0.003;0.000;0.002;0.002;0.002
0.007;0.018;0.005;0.005;0.010;0.019;0.006;0.005;0.002;0.000;0.000;0.001;0.008;0.003;0.003;0.000;0.005;0.014;0.008;0.001;0.001;0.006;0.003;0.001
0.141;0.063;0.058;0.053;0.134;0.048;0.059;0.060;0.001;0.006;0.004;0.003;0.033;0.004;0.019;0.015;0.127;0.025;0.059;0.046;0.039;0.007;0.015;0.015
0.019;0.016;0.020;0.009;0.013;0.019;0.037;0.006;0.011;0.014;0.014;0.003;0.006;0.017;0.056;0.010;0.007;0.013;0.022;0.003;0.003;0.008;0.010;0.002
0.138;0.062;0.051;0.028;0.159;0.058;0.038;0.030;0.013;0.028;0.001;0.005;0.070;0.030;0.013;0.009;0.195;0.034;0.025;0.024;0.050;0.019;0.008;0.004
0.117;0.066;0.084;0.043;0.143;0.090;0.120;0.061;0.047;0.038;0.003;0.007;0.119;0.078;0.112;0.075;0.004;0.001;0.004;0.000;0.017;0.002;0.002;0.000
0.065;0.093;0.040;0.026;0.032;0.099;0.037;0.027;0.021;0.013;0.000;0.001;0.002;0.067;0.019;0.007;0.007;0.054;0.018;0.022;0.015;0.031;0.004;0.008
0.016;0.013;0.009;0.007;0.000;0.005;0.002;0.003;0.024;0.014;0.015;0.005;0.034;0.033;0.013;0.017;0.001;0.015;0.004;0.002;0.018;0.013;0.008;0.004
0.002;0.005;0.001;0.000;0.010;0.010;0.003;0.001;0.002;0.002;0.001;0.003;0.025;0.014;0.006;0.001;0.021;0.027;0.006;0.003;0.000;0.001;0.000;0.001
0.018;0.015;0.005;0.014;0.028;0.021;0.007;0.017;0.002;0.002;0.000;0.002;0.022;0.016;0.003;0.017;0.015;0.008;0.002;0.014;0.010;0.010;0.002;0.009
0.020;0.008;0.007;0.005;0.016;0.006;0.004;0.002;0.011;0.004;0.003;0.003;0.008;0.006;0.001;0.002;0.010;0.024;0.012;0.005;0.007;0.001;0.002;0.000
0.008;0.007;0.011;0.001;0.005;0.003;0.007;0.001;0.001;0.001;0.004;0.001;0.003;0.004;0.002;0.002;0.023;0.014;0.023;0.009;0.001;0.002;0.006;0.000
0.005;0.008;0.004;0.001;0.002;0.008;0.004;0.001;0.003;0.001;0.002;0.001;0.004;0.009;0.002;0.002;0.034;0.045;0.019;0.011;0.002;0.009;0.003;0.001
0.000;0.005;0.001;0.001;0.003;0.004;0.002;0.005;0.013;0.002;0.002;0.001;0.007;0.006;0.005;0.008;0.030;0.015;0.020;0.005;0.001;0.004;0.001;0.001
0.005;0.003;0.005;0.002;0.006;0.001;0.005;0.003;0.008;0.002;0.005;0.000;0.011;0.003;0.002;0.001;0.007;0.002;0.005;0.003;0.003;0.000;0.001;0.000
0.019;0.007;0.006;0.007;0.019;0.009;0.022;0.014;0.001;0.002;0.003;0.004;0.013;0.009;0.033;0.020;0.010;0.005;0.019;0.014;0.002;0.000;0.001;0.002
0.006;0.005;0.003;0.004;0.003;0.011;0.009;0.001;0.001;0.002;0.010;0.000;0.011;0.027;0.015;0.004;0.077;0.002;0.006;0.024;0.001;0.003;0.001;0.000
0.004;0.002;0.005;0.007;0.008;0.003;0.003;0.006;0.001;0.001;0.002;0.000;0.007;0.003;0.002;0.003;0.126;0.091;0.041;0.035;0.001;0.002;0.004;0.001
0.003;0.006;0.007;0.002;0.003;0.003;0.005;0.002;0.006;0.000;0.001;0.001;0.004;0.001;0.002;0.002;0.010;0.002;0.000;0.000;0.001;0.002;0.006;0.001
0.001;0.004;0.001;0.000;0.003;0.004;0.001;0.000;0.007;0.004;0.004;0.001;0.003;0.003;0.001;0.001;0.025;0.004;0.006;0.003;0.004;0.002;0.002;0.001
0.004;0.002;0.003;0.000;0.006;0.002;0.003;0.001;0.005;0.000;0.001;0.002;0.001;0.007;0.000;0.002;0.003;0.003;0.001;0.002;0.011;0.001;0.006;0.001
0.003;0.000;0.002;0.003;0.004;0.000;0.001;0.004;0.001;0.001;0.000;0.004;0.001;0.000;0.000;0.005;0.003;0.002;0.001;0.006;0.006;0.000;0.003;0.003
0.001;0.000;0.000;0.002;0.000;0.000;0.000;0.004;0.002;0.001;0.000;0.002;0.001;0.000;0.000;0.007;0.002;0.000;0.000;0.004;0.000;0.000;0.000;0.003
0.003;0.001;0.000;0.000;0.002;0.001;0.002;0.001;0.002;0.001;0.000;0.002;0.001;0.002;0.003;0.003;0.002;0.000;0.000;0.002;0.002;0.001;0.000;0.001
0.002;0.001;0.002;0.002;0.001;0.001;0.004;0.003;0.000;0.002;0.001;0.002;0.002;0.003;0.005;0.003;0.008;0.000;0.006;0.004;0.001;0.001;0.002;0.000
0.004;0.003;0.004;0.001;0.002;0.002;0.006;0.001;0.001;0.000;0.003;0.001;0.006;0.003;0.009;0.002;0.009;0.005;0.004;0.001;0.003;0.002;0.003;0.000
0.001;0.001;0.001;0.001;0.001;0.000;0.000;0.001;0.002;0.000;0.001;0.001;0.001;0.001;0.002;0.001;0.000;0.001;0.000;0.000;0.000;0.000;0.000;0.000
0.008;0.000;0.001;0.002;0.005;0.000;0.001;0.001;0.002;0.000;0.001;0.000;0.009;0.001;0.001;0.000;0.007;0.002;0.000;0.001;0.004;0.000;0.001;0.000
0.000;0.002;0.001;0.001;0.000;0.004;0.001;0.001;0.003;0.001;0.001;0.002;0.003;0.004;0.001;0.001;0.004;0.009;0.001;0.000;0.000;0.001;0.001;0.000
0.000;0.002;0.003;0.001;0.002;0.003;0.005;0.003;0.000;0.002;0.001;0.002;0.001;0.005;0.002;0.007;0.086;0.065;0.030;0.041;0.000;0.001;0.001;0.001
0.002;0.001;0.000;0.001;0.001;0.001;0.001;0.001;0.007;0.004;0.006;0.008;0.001;0.003;0.003;0.004;0.019;0.014;0.010;0.007;0.000;0.001;0.001;0.004
0.057;0.060;0.023;0.039;0.066;0.060;0.022;0.035;0.026;0.020;0.020;0.005;0.002;0.002;0.000;0.004;0.149;0.096;0.038;0.060;0.007;0.006;0.001;0.007
0.037;0.028;0.022;0.013;0.042;0.027;0.020;0.013;0.004;0.009;0.001;0.001;0.027;0.013;0.008;0.004;0.107;0.067;0.039;0.028;0.009;0.005;0.003;0.002
0.045;0.012;0.017;0.013;0.035;0.016;0.015;0.013;0.007;0.007;0.005;0.003;0.008;0.002;0.002;0.000;0.009;0.006;0.004;0.001;0.002;0.001;0.002;0.001
0.075;0.053;0.030;0.015;0.059;0.038;0.026;0.012;0.002;0.002;0.002;0.001;0.004;0.003;0.005;0.002;0.056;0.032;0.001;0.012;0.005;0.006;0.005;0.002
0.002;0.001;0.003;0.001;0.005;0.003;0.004;0.002;0.023;0.006;0.006;0.004;0.012;0.002;0.013;0.002;0.023;0.007;0.003;0.001;0.003;0.002;0.004;0.002
0.001;0.001;0.001;0.001;0.006;0.007;0.002;0.001;0.020;0.015;0.008;0.003;0.002;0.041;0.000;0.003;0.021;0.022;0.005;0.003;0.021;0.021;0.008;0.002
0.002;0.003;0.000;0.001;0.016;0.011;0.006;0.004;0.010;0.001;0.002;0.001;0.012;0.021;0.008;0.010;0.018;0.019;0.003;0.006;0.008;0.009;0.002;0.001
0.003;0.002;0.001;0.001;0.007;0.003;0.001;0.005;0.031;0.009;0.012;0.005;0.008;0.009;0.001;0.003;0.011;0.006;0.006;0.003;0.018;0.005;0.007;0.001
0.008;0.001;0.001;0.005;0.022;0.001;0.001;0.010;0.039;0.026;0.091;0.067;0.044;0.011;0.005;0.014;0.057;0.007;0.013;0.022;0.059;0.009;0.045;0.041
0.009;0.002;0.002;0.001;0.015;0.003;0.003;0.004;0.044;0.066;0.029;0.009;0.029;0.016;0.005;0.014;0.045;0.024;0.011;0.009;0.050;0.054;0.030;0.006
0.000;0.001;0.001;0.000;0.001;0.003;0.003;0.002;0.024;0.023;0.015;0.010;0.001;0.001;0.002;0.001;0.012;0.008;0.006;0.004;0.011;0.007;0.005;0.003
0.038;0.007;0.004;0.006;0.007;0.003;0.000;0.003;0.084;0.071;0.026;0.004;0.005;0.005;0.003;0.009;0.051;0.014;0.004;0.006;0.073;0.068;0.014;0.001
0.037;0.015;0.001;0.016;0.001;0.026;0.001;0.003;1.647;0.655;0.679;0.588;0.001;0.032;0.004;0.000;0.042;0.078;0.032;0.011;0.053;0.070;0.022;0.001
0.005;0.007;0.005;0.002;0.015;0.002;0.001;0.001;0.339;0.387;0.059;0.149;0.010;0.004;0.001;0.002;0.008;0.005;0.000;0.001;0.002;0.005;0.002;0.000
0.007;0.005;0.001;0.002;0.003;0.008;0.000;0.001;1.078;0.730;0.473;0.314;0.013;0.013;0.000;0.002;0.013;0.016;0.001;0.001;0.002;0.004;0.000;0.000
0.001;0.005;0.003;0.003;0.001;0.013;0.002;0.001;0.002;0.019;0.008;0.004;0.001;0.018;0.002;0.002;0.007;0.027;0.009;0.004;0.006;0.011;0.003;0.003
0.001;0.002;0.010;0.003;0.005;0.001;0.010;0.003;0.029;0.032;0.065;0.052;0.011;0.012;0.008;0.023;0.015;0.003;0.035;0.025;0.005;0.000;0.028;0.019
0.001;0.007;0.002;0.000;0.009;0.006;0.005;0.006;0.044;0.096;0.040;0.039;0.034;0.001;0.025;0.022;0.037;0.029;0.039;0.016;0.031;0.053;0.041;0.014
0.000;0.000;0.004;0.001;0.009;0.003;0.002;0.003;0.065;0.013;0.121;0.043;0.088;0.038;0.011;0.009;0.077;0.006;0.055;0.018;0.047;0.008;0.100;0.032
0.001;0.002;0.000;0.000;0.001;0.001;0.000;0.000;0.016;0.051;0.057;0.035;0.045;0.036;0.017;0.003;0.003;0.018;0.005;0.004;0.002;0.017;0.016;0.014
0.003;0.001;0.000;0.002;0.002;0.003;0.000;0.000;0.069;0.088;0.023;0.027;0.031;0.022;0.006;0.000;0.014;0.026;0.005;0.004;0.034;0.056;0.011;0.013
0.004;0.004;0.002;0.003;0.009;0.011;0.005;0.001;0.078;0.048;0.034;0.027;0.026;0.022;0.018;0.002;0.037;0.034;0.022;0.007;0.065;0.050;0.028;0.017
0.000;0.002;0.000;0.000;0.002;0.009;0.000;0.000;0.002;0.007;0.003;0.000;0.001;0.005;0.001;0.001;0.000;0.006;0.001;0.000;0.002;0.005;0.000;0.000
0.000;0.001;0.003;0.000;0.010;0.007;0.019;0.002;0.024;0.025;0.023;0.006;0.102;0.063;0.100;0.048;0.039;0.028;0.036;0.009;0.013;0.016;0.020;0.004
0.001;0.002;0.003;0.001;0.007;0.001;0.008;0.000;0.053;0.029;0.021;0.007;0.055;0.014;0.020;0.003;0.027;0.008;0.015;0.004;0.031;0.021;0.019;0.008
0.002;0.001;0.000;0.001;0.003;0.003;0.000;0.001;0.078;0.051;0.044;0.031;0.068;0.042;0.034;0.040;0.006;0.000;0.001;0.000;0.022;0.012;0.017;0.010
0.005;0.003;0.000;0.000;0.003;0.001;0.001;0.001;0.074;0.038;0.005;0.010;0.003;0.003;0.015;0.003;0.006;0.016;0.003;0.004;0.027;0.034;0.002;0.007
0.011;0.001;0.001;0.000;0.010;0.001;0.001;0.001;0.191;0.105;0.047;0.048;0.009;0.020;0.000;0.000;0.027;0.010;0.007;0.004;0.087;0.039;0.019;0.015
0.000;0.000;0.001;0.000;0.003;0.003;0.001;0.000;0.011;0.003;0.001;0.000;0.009;0.003;0.006;0.008;0.000;0.002;0.001;0.000;0.004;0.001;0.000;0.000
0.003;0.000;0.001;0.001;0.012;0.002;0.005;0.001;0.034;0.020;0.021;0.015;0.025;0.004;0.025;0.005;0.017;0.010;0.017;0.007;0.019;0.012;0.015;0.011
0.006;0.002;0.001;0.001;0.006;0.000;0.004;0.003;0.047;0.001;0.032;0.000;0.022;0.001;0.021;0.003;0.020;0.002;0.023;0.001;0.037;0.002;0.026;0.001
0.000;0.003;0.003;0.004;0.000;0.001;0.001;0.003;0.083;0.001;0.029;0.001;0.015;0.002;0.010;0.002;0.024;0.004;0.009;0.003;0.039;0.002;0.022;0.003
0.001;0.001;0.000;0.003;0.002;0.000;0.001;0.005;0.032;0.003;0.008;0.011;0.012;0.008;0.008;0.020;0.030;0.013;0.008;0.022;0.035;0.016;0.014;0.025
0.001;0.000;0.000;0.001;0.000;0.000;0.004;0.000;0.005;0.000;0.001;0.000;0.001;0.001;0.002;0.000;0.000;0.002;0.002;0.000;0.001;0.001;0.000;0.001
0.003;0.002;0.001;0.000;0.008;0.008;0.001;0.002;0.011;0.027;0.016;0.002;0.022;0.013;0.004;0.007;0.030;0.011;0.008;0.007;0.030;0.012;0.010;0.005
0.002;0.004;0.001;0.001;0.007;0.017;0.004;0.000;0.030;0.035;0.041;0.001;0.012;0.029;0.004;0.005;0.020;0.032;0.001;0.009;0.016;0.023;0.007;0.008
0.002;0.002;0.002;0.000;0.008;0.010;0.004;0.000;0.076;0.042;0.008;0.003;0.010;0.003;0.004;0.000;0.002;0.001;0.008;0.004;0.002;0.004;0.006;0.001
0.002;0.001;0.002;0.000;0.004;0.004;0.006;0.002;0.286;0.007;0.063;0.005;0.029;0.008;0.006;0.008;0.020;0.013;0.013;0.006;0.037;0.019;0.016;0.009
0.002;0.001;0.001;0.001;0.001;0.004;0.001;0.002;0.039;0.018;0.002;0.000;0.006;0.010;0.001;0.000;0.001;0.002;0.007;0.003;0.012;0.004;0.007;0.003
0.006;0.004;0.003;0.004;0.004;0.007;0.010;0.011;0.017;0.014;0.021;0.017;0.001;0.006;0.010;0.011;0.009;0.018;0.017;0.017;0.022;0.019;0.016;0.017
0.001;0.001;0.004;0.002;0.002;0.001;0.005;0.004;0.020;0.009;0.017;0.003;0.002;0.000;0.002;0.004;0.006;0.001;0.013;0.007;0.015;0.005;0.017;0.008
0.004;0.000;0.003;0.000;0.010;0.002;0.004;0.001;0.062;0.008;0.003;0.002;0.013;0.001;0.001;0.000;0.023;0.000;0.004;0.000;0.033;0.001;0.005;0.001
0.002;0.001;0.002;0.001;0.004;0.004;0.006;0.002;0.035;0.013;0.015;0.003;0.017;0.008;0.015;0.007;0.010;0.002;0.018;0.008;0.027;0.005;0.016;0.005
0.003;0.000;0.001;0.001;0.007;0.001;0.002;0.004;0.082;0.017;0.007;0.017;0.056;0.009;0.004;0.017;0.045;0.006;0.003;0.014;0.090;0.014;0.010;0.022
0.002;0.001;0.002;0.000;0.007;0.002;0.002;0.001;0.028;0.024;0.001;0.003;0.034;0.007;0.003;0.000;0.038;0.015;0.005;0.002;0.035;0.015;0.003;0.001
0.001;0.006;0.002;0.006;0.004;0.016;0.003;0.015;0.026;0.134;0.001;0.048;0.017;0.043;0.000;0.018;0.032;0.079;0.000;0.035;0.023;0.095;0.001;0.041
0.002;0.004;0.004;0.002;0.007;0.005;0.020;0.006;0.030;0.037;0.029;0.014;0.015;0.014;0.029;0.009;0.027;0.022;0.033;0.011;0.032;0.036;0.040;0.013
0.000;0.002;0.000;0.000;0.000;0.007;0.005;0.001;0.004;0.001;0.002;0.002;0.002;0.004;0.007;0.001;0.000;0.002;0.003;0.000;0.000;0.002;0.001;0.001
0.001;0.000;0.002;0.003;0.003;0.002;0.007;0.010;0.018;0.000;0.023;0.019;0.011;0.004;0.008;0.016;0.017;0.010;0.006;0.014;0.011;0.010;0.008;0.009
0.002;0.001;0.004;0.001;0.004;0.004;0.016;0.003;0.006;0.021;0.061;0.016;0.019;0.005;0.039;0.008;0.048;0.007;0.030;0.007;0.045;0.013;0.030;0.005
0.006;0.000;0.000;0.000;0.018;0.001;0.004;0.002;0.130;0.012;0.005;0.000;0.036;0.002;0.019;0.005;0.043;0.004;0.025;0.009;0.058;0.005;0.021;0.006
0.001;0.003;0.000;0.000;0.003;0.010;0.003;0.002;0.068;0.042;0.002;0.004;0.018;0.012;0.005;0.006;0.023;0.022;0.013;0.003;0.025;0.022;0.006;0.003
0.001;0.002;0.001;0.000;0.001;0.002;0.000;0.001;0.001;0.002;0.001;0.002;0.001;0.001;0.001;0.001;0.000;0.001;0.000;0.002;0.001;0.000;0.000;0.001
0.001;0.001;0.001;0.000;0.001;0.004;0.002;0.002;0.040;0.009;0.018;0.010;0.001;0.001;0.001;0.001;0.002;0.002;0.000;0.000;0.001;0.001;0.000;0.000
0.001;0.000;0.001;0.000;0.006;0.001;0.005;0.002;0.000;0.002;0.004;0.005;0.009;0.009;0.007;0.001;0.019;0.007;0.010;0.000;0.018;0.007;0.008;0.001
0.000;0.002;0.000;0.000;0.003;0.006;0.004;0.001;0.024;0.048;0.024;0.013;0.007;0.011;0.009;0.003;0.019;0.010;0.010;0.002;0.015;0.009;0.008;0.004
0.001;0.003;0.000;0.000;0.001;0.006;0.000;0.001;0.004;0.001;0.001;0.000;0.002;0.001;0.001;0.001;0.001;0.001;0.000;0.000;0.002;0.002;0.000;0.001
0.001;0.001;0.001;0.001;0.001;0.000;0.001;0.003;0.013;0.008;0.004;0.005;0.002;0.002;0.001;0.002;0.001;0.000;0.000;0.002;0.001;0.001;0.002;0.000
0.002;0.000;0.000;0.002;0.003;0.001;0.001;0.003;0.003;0.005;0.004;0.002;0.004;0.004;0.004;0.004;0.006;0.001;0.004;0.003;0.007;0.001;0.008;0.008
0.001;0.001;0.001;0.002;0.001;0.001;0.003;0.004;0.010;0.002;0.004;0.004;0.006;0.004;0.006;0.005;0.003;0.001;0.009;0.005;0.005;0.002;0.006;0.007
0.000;0.000;0.001;0.001;0.000;0.001;0.003;0.001;0.004;0.004;0.002;0.001;0.002;0.003;0.003;0.000;0.003;0.004;0.006;0.002;0.002;0.007;0.004;0.005
0.005;0.001;0.000;0.002;0.015;0.001;0.001;0.002;0.026;0.006;0.004;0.004;0.011;0.001;0.003;0.001;0.024;0.007;0.002;0.005;0.026;0.013;0.003;0.007
0.004;0.003;0.000;0.001;0.011;0.005;0.001;0.002;0.011;0.016;0.003;0.002;0.002;0.009;0.000;0.001;0.024;0.015;0.003;0.004;0.023;0.020;0.006;0.006
0.001;0.001;0.002;0.000;0.001;0.002;0.007;0.001;0.001;0.001;0.006;0.000;0.002;0.003;0.008;0.002;0.002;0.003;0.005;0.001;0.003;0.002;0.006;0.000
0.002;0.000;0.004;0.000;0.002;0.001;0.007;0.000;0.001;0.002;0.004;0.001;0.005;0.001;0.002;0.002;0.002;0.002;0.003;0.000;0.004;0.003;0.006;0.000
0.002;0.000;0.000;0.001;0.006;0.002;0.004;0.001;0.040;0.027;0.029;0.017;0.026;0.014;0.004;0.000;0.031;0.010;0.009;0.008;0.037;0.018;0.021;0.012
0.000;0.004;0.000;0.002;0.001;0.006;0.000;0.003;0.053;0.034;0.024;0.027;0.008;0.007;0.002;0.003;0.018;0.030;0.008;0.008;0.027;0.042;0.015;0.015
0.001;0.003;0.001;0.001;0.001;0.002;0.000;0.002;0.064;0.019;0.008;0.014;0.013;0.001;0.001;0.001;0.001;0.001;0.000;0.001;0.001;0.002;0.001;0.000
0.000;0.001;0.000;0.004;0.001;0.003;0.001;0.008;0.003;0.002;0.002;0.001;0.002;0.000;0.002;0.001;0.000;0.000;0.002;0.004;0.001;0.001;0.001;0.003
0.000;0.000;0.004;0.003;0.000;0.002;0.007;0.007;0.106;0.084;0.040;0.025;0.000;0.005;0.006;0.007;0.001;0.002;0.003;0.005;0.001;0.001;0.003;0.003
0.001;0.000;0.002;0.000;0.001;0.001;0.004;0.000;0.002;0.000;0.004;0.001;0.000;0.002;0.003;0.001;0.000;0.000;0.001;0.001;0.000;0.000;0.002;0.001
0.000;0.001;0.000;0.000;0.000;0.000;0.000;0.001;0.005;0.004;0.002;0.005;0.000;0.001;0.001;0.001;0.000;0.000;0.000;0.001;0.000;0.002;0.000;0.000
0.000;0.003;0.002;0.001;0.000;0.005;0.007;0.002;0.020;0.022;0.012;0.001;0.003;0.006;0.002;0.007;0.005;0.005;0.003;0.005;0.010;0.009;0.006;0.004
0.000;0.005;0.000;0.003;0.000;0.014;0.001;0.009;0.006;0.022;0.003;0.003;0.005;0.010;0.000;0.014;0.002;0.014;0.001;0.007;0.006;0.023;0.004;0.003
0.001;0.001;0.001;0.003;0.004;0.004;0.004;0.012;0.007;0.003;0.000;0.001;0.001;0.003;0.003;0.011;0.003;0.004;0.001;0.008;0.003;0.004;0.002;0.004
0.001;0.000;0.002;0.000;0.003;0.001;0.001;0.001;0.001;0.001;0.002;0.002;0.002;0.000;0.000;0.002;0.001;0.001;0.002;0.001;0.001;0.003;0.004;0.002
0.002;0.000;0.001;0.001;0.009;0.002;0.003;0.002;0.053;0.039;0.024;0.011;0.019;0.006;0.003;0.006;0.037;0.016;0.013;0.007;0.043;0.024;0.026;0.007
0.001;0.001;0.001;0.001;0.002;0.007;0.004;0.001;0.044;0.045;0.018;0.012;0.022;0.016;0.004;0.001;0.024;0.027;0.011;0.005;0.031;0.042;0.015;0.008
0.004;0.001;0.000;0.001;0.017;0.002;0.001;0.005;0.058;0.012;0.015;0.007;0.060;0.000;0.008;0.004;0.064;0.005;0.011;0.005;0.053;0.009;0.012;0.006
0.003;0.001;0.001;0.000;0.008;0.004;0.001;0.000;0.053;0.005;0.012;0.012;0.030;0.002;0.003;0.001;0.038;0.008;0.008;0.002;0.047;0.009;0.011;0.006
0.002;0.002;0.000;0.000;0.006;0.005;0.000;0.000;0.007;0.010;0.009;0.008;0.007;0.007;0.001;0.003;0.004;0.008;0.003;0.004;0.005;0.010;0.004;0.006
0.002;0.002;0.000;0.000;0.006;0.003;0.002;0.002;0.024;0.021;0.013;0.006;0.019;0.007;0.009;0.005;0.031;0.011;0.010;0.005;0.036;0.017;0.011;0.008
0.001;0.003;0.003;0.001;0.003;0.003;0.006;0.004;0.036;0.051;0.044;0.012;0.018;0.024;0.030;0.008;0.027;0.052;0.043;0.016;0.033;0.056;0.044;0.016
0.005;0.002;0.000;0.002;0.009;0.006;0.003;0.005;0.040;0.023;0.007;0.002;0.020;0.015;0.005;0.005;0.033;0.018;0.005;0.005;0.039;0.017;0.008;0.002
0.000;0.000;0.001;0.002;0.001;0.002;0.003;0.004;0.001;0.000;0.001;0.000;0.000;0.001;0.004;0.002;0.000;0.000;0.001;0.003;0.000;0.001;0.000;0.002
0.001;0.000;0.001;0.000;0.006;0.000;0.002;0.000;0.005;0.001;0.000;0.001;0.002;0.003;0.002;0.002;0.007;0.001;0.001;0.000;0.006;0.001;0.001;0.000
0.000;0.001;0.001;0.000;0.002;0.001;0.002;0.000;0.001;0.001;0.000;0.001;0.003;0.002;0.004;0.000;0.001;0.002;0.001;0.000;0.000;0.002;0.001;0.000
0.002;0.001;0.001;0.002;0.002;0.003;0.005;0.003;0.046;0.026;0.014;0.014;0.018;0.012;0.017;0.002;0.031;0.019;0.012;0.006;0.053;0.030;0.015;0.013
0.001;0.003;0.000;0.003;0.001;0.005;0.003;0.007;0.051;0.027;0.015;0.005;0.027;0.015;0.011;0.005;0.028;0.023;0.008;0.010;0.046;0.032;0.013;0.010
0.001;0.001;0.000;0.002;0.000;0.002;0.001;0.002;0.006;0.005;0.000;0.000;0.008;0.007;0.000;0.001;0.002;0.002;0.000;0.001;0.004;0.002;0.000;0.001
0.001;0.000;0.001;0.000;0.001;0.000;0.000;0.000;0.003;0.005;0.000;0.000;0.001;0.007;0.001;0.001;0.001;0.005;0.000;0.001;0.001;0.002;0.001;0.000
0.002;0.000;0.001;0.002;0.005;0.004;0.002;0.001;0.015;0.009;0.003;0.003;0.007;0.018;0.009;0.002;0.004;0.015;0.007;0.003;0.008;0.006;0.003;0.004
0.003;0.001;0.001;0.000;0.009;0.000;0.005;0.000;0.111;0.014;0.031;0.004;0.055;0.000;0.021;0.002;0.078;0.003;0.026;0.002;0.098;0.015;0.026;0.003
0.000;0.001;0.001;0.001;0.000;0.004;0.003;0.003;0.035;0.045;0.011;0.011;0.013;0.015;0.004;0.004;0.021;0.021;0.008;0.004;0.029;0.033;0.010;0.008
0.000;0.000;0.001;0.002;0.000;0.001;0.002;0.004;0.001;0.001;0.001;0.003;0.000;0.003;0.000;0.004;0.001;0.003;0.001;0.005;0.002;0.003;0.001;0.003
0.000;0.000;0.001;0.000;0.002;0.000;0.002;0.001;0.002;0.002;0.000;0.003;0.007;0.001;0.003;0.003;0.002;0.000;0.001;0.001;0.002;0.000;0.000;0.001
0.000;0.001;0.003;0.005;0.002;0.002;0.006;0.017;0.016;0.001;0.011;0.016;0.028;0.002;0.019;0.026;0.011;0.004;0.016;0.023;0.016;0.004;0.017;0.019
0.001;0.001;0.004;0.003;0.008;0.000;0.005;0.013;0.011;0.002;0.011;0.011;0.018;0.003;0.011;0.029;0.015;0.007;0.012;0.019;0.013;0.006;0.014;0.014
0.000;0.001;0.001;0.000;0.001;0.005;0.005;0.001;0.007;0.010;0.007;0.015;0.004;0.008;0.012;0.009;0.007;0.009;0.017;0.010;0.007;0.008;0.011;0.011
0.001;0.003;0.000;0.000;0.001;0.009;0.002;0.001;0.007;0.012;0.007;0.008;0.003;0.010;0.010;0.007;0.005;0.018;0.011;0.007;0.006;0.016;0.009;0.005
0.001;0.001;0.000;0.001;0.003;0.002;0.004;0.004;0.002;0.004;0.001;0.004;0.004;0.001;0.002;0.005;0.003;0.001;0.002;0.004;0.002;0.001;0.000;0.002
0.002;0.001;0.000;0.001;0.006;0.001;0.001;0.003;0.004;0.000;0.000;0.004;0.002;0.002;0.006;0.006;0.004;0.000;0.001;0.003;0.002;0.001;0.000;0.003
0.001;0.001;0.001;0.001;0.003;0.003;0.003;0.002;0.072;0.012;0.003;0.007;0.015;0.004;0.017;0.005;0.012;0.007;0.009;0.005;0.009;0.013;0.007;0.004
0.001;0.000;0.000;0.002;0.003;0.001;0.003;0.001;0.011;0.017;0.010;0.004;0.014;0.017;0.005;0.003;0.006;0.015;0.009;0.001;0.007;0.024;0.007;0.001
0.000;0.000;0.000;0.002;0.001;0.002;0.000;0.002;0.033;0.001;0.003;0.003;0.002;0.001;0.002;0.000;0.004;0.001;0.000;0.002;0.003;0.004;0.001;0.001
0.001;0.000;0.001;0.000;0.000;0.001;0.006;0.000;0.001;0.008;0.001;0.001;0.000;0.001;0.002;0.000;0.000;0.000;0.003;0.000;0.001;0.002;0.001;0.001
0.002;0.001;0.000;0.001;0.006;0.005;0.001;0.003;0.003;0.011;0.011;0.007;0.004;0.006;0.004;0.011;0.008;0.009;0.007;0.009;0.006;0.008;0.004;0.006
0.000;0.001;0.001;0.001;0.003;0.008;0.004;0.000;0.012;0.011;0.013;0.002;0.011;0.012;0.007;0.003;0.013;0.013;0.012;0.002;0.012;0.010;0.012;0.000
0.008;0.001;0.003;0.001;0.020;0.000;0.007;0.002;0.087;0.025;0.014;0.007;0.029;0.008;0.008;0.004;0.081;0.006;0.024;0.003;0.119;0.012;0.029;0.004
0.002;0.001;0.006;0.000;0.003;0.000;0.014;0.000;0.066;0.031;0.020;0.011;0.010;0.012;0.011;0.007;0.033;0.015;0.024;0.004;0.056;0.018;0.028;0.005
0.001;0.001;0.002;0.001;0.003;0.002;0.004;0.004;0.001;0.002;0.004;0.004;0.000;0.001;0.003;0.003;0.001;0.002;0.005;0.008;0.001;0.002;0.010;0.012
0.000;0.003;0.001;0.000;0.004;0.005;0.002;0.000;0.000;0.002;0.004;0.004;0.000;0.001;0.001;0.002;0.001;0.006;0.003;0.001;0.000;0.007;0.005;0.002
0.001;0.000;0.002;0.003;0.004;0.000;0.008;0.003;0.006;0.004;0.006;0.008;0.014;0.001;0.006;0.002;0.003;0.001;0.004;0.005;0.002;0.001;0.003;0.005
0.001;0.001;0.003;0.002;0.004;0.004;0.007;0.003;0.011;0.003;0.014;0.001;0.019;0.011;0.005;0.001;0.011;0.008;0.009;0.001;0.012;0.005;0.011;0.003
0.000;0.001;0.000;0.001;0.002;0.001;0.001;0.001;0.021;0.004;0.025;0.013;0.014;0.004;0.003;0.002;0.019;0.003;0.010;0.004;0.020;0.003;0.018;0.010
0.002;0.001;0.003;0.000;0.001;0.002;0.010;0.002;0.039;0.018;0.016;0.003;0.009;0.007;0.004;0.002;0.017;0.010;0.014;0.001;0.034;0.017;0.018;0.002
0.000;0.005;0.004;0.002;0.001;0.006;0.018;0.004;0.024;0.023;0.020;0.012;0.006;0.012;0.017;0.005;0.010;0.016;0.021;0.010;0.020;0.028;0.026;0.012
0.005;0.000;0.000;0.001;0.011;0.003;0.000;0.002;0.085;0.041;0.008;0.008;0.032;0.009;0.001;0.004;0.044;0.017;0.005;0.004;0.076;0.021;0.003;0.007
0.002;0.001;0.000;0.002;0.006;0.002;0.002;0.003;0.102;0.033;0.008;0.007;0.029;0.006;0.003;0.003;0.035;0.019;0.004;0.007;0.071;0.023;0.004;0.010
0.000;0.001;0.001;0.000;0.001;0.001;0.002;0.001;0.002;0.000;0.001;0.001;0.004;0.002;0.001;0.000;0.001;0.001;0.001;0.001;0.000;0.001;0.001;0.000
0.002;0.000;0.001;0.003;0.002;0.000;0.003;0.002;0.002;0.000;0.001;0.002;0.001;0.001;0.003;0.001;0.001;0.000;0.003;0.000;0.000;0.000;0.003;0.001
0.001;0.002;0.000;0.006;0.000;0.001;0.001;0.017;0.003;0.002;0.001;0.002;0.001;0.000;0.004;0.009;0.000;0.000;0.002;0.008;0.001;0.001;0.001;0.003
0.001;0.003;0.001;0.002;0.003;0.002;0.001;0.009;0.000;0.002;0.002;0.000;0.001;0.002;0.003;0.003;0.000;0.001;0.001;0.003;0.000;0.003;0.001;0.001
0.000;0.001;0.000;0.001;0.000;0.003;0.001;0.001;0.002;0.001;0.003;0.002;0.000;0.003;0.001;0.001;0.000;0.002;0.000;0.001;0.001;0.000;0.001;0.001
0.001;0.000;0.000;0.001;0.000;0.000;0.002;0.002;0.000;0.002;0.000;0.000;0.001;0.001;0.002;0.001;0.000;0.001;0.001;0.000;0.001;0.000;0.000;0.002
0.003;0.001;0.000;0.001;0.007;0.007;0.002;0.008;0.002;0.005;0.000;0.000;0.007;0.016;0.002;0.003;0.003;0.006;0.001;0.002;0.001;0.007;0.000;0.001
0.004;0.000;0.002;0.003;0.010;0.002;0.003;0.010;0.003;0.001;0.003;0.001;0.007;0.010;0.009;0.003;0.003;0.003;0.003;0.002;0.003;0.004;0.002;0.001
0.000;0.001;0.002;0.001;0.000;0.003;0.003;0.003;0.001;0.002;0.002;0.000;0.000;0.001;0.008;0.002;0.000;0.000;0.004;0.000;0.000;0.001;0.002;0.001
0.003;0.000;0.000;0.001;0.005;0.000;0.001;0.002;0.006;0.004;0.001;0.000;0.008;0.001;0.001;0.000;0.005;0.000;0.000;0.001;0.004;0.001;0.000;0.000
0.001;0.000;0.001;0.000;0.003;0.001;0.003;0.001;0.043;0.026;0.007;0.010;0.016;0.005;0.000;0.003;0.022;0.009;0.005;0.002;0.035;0.018;0.007;0.005
0.000;0.000;0.000;0.000;0.001;0.000;0.000;0.000;0.035;0.026;0.010;0.003;0.005;0.004;0.001;0.001;0.013;0.009;0.005;0.002;0.026;0.019;0.007;0.003
0.002;0.001;0.000;0.000;0.006;0.001;0.003;0.002;0.007;0.002;0.001;0.002;0.009;0.001;0.002;0.001;0.005;0.002;0.001;0.001;0.005;0.002;0.000;0.000
0.003;0.004;0.001;0.000;0.009;0.009;0.006;0.001;0.024;0.026;0.015;0.009;0.022;0.016;0.014;0.002;0.016;0.022;0.013;0.005;0.017;0.029;0.009;0.007
0.003;0.002;0.000;0.000;0.009;0.006;0.000;0.000;0.022;0.023;0.006;0.003;0.017;0.013;0.004;0.001;0.022;0.016;0.003;0.003;0.022;0.024;0.003;0.005
0.011;0.003;0.000;0.000;0.032;0.012;0.000;0.003;0.154;0.049;0.000;0.016;0.087;0.027;0.002;0.009;0.103;0.034;0.001;0.007;0.132;0.046;0.000;0.012
0.003;0.000;0.003;0.001;0.012;0.002;0.012;0.000;0.059;0.028;0.027;0.007;0.039;0.015;0.020;0.005;0.038;0.014;0.023;0.004;0.046;0.021;0.025;0.006
0.002;0.003;0.001;0.001;0.004;0.005;0.002;0.001;0.001;0.000;0.002;0.000;0.004;0.000;0.001;0.001;0.001;0.001;0.002;0.001;0.001;0.000;0.002;0.000
0.004;0.001;0.000;0.000;0.007;0.001;0.001;0.003;0.002;0.001;0.000;0.000;0.001;0.001;0.001;0.000;0.003;0.000;0.001;0.001;0.004;0.001;0.000;0.000
0.001;0.000;0.000;0.001;0.000;0.001;0.004;0.002;0.001;0.000;0.003;0.001;0.002;0.000;0.005;0.001;0.001;0.003;0.002;0.004;0.003;0.001;0.001;0.003
0.000;0.000;0.000;0.001;0.001;0.002;0.001;0.002;0.000;0.000;0.001;0.002;0.001;0.002;0.001;0.003;0.001;0.001;0.000;0.002;0.000;0.000;0.001;0.001
0.001;0.000;0.000;0.000;0.002;0.001;0.004;0.000;0.001;0.001;0.002;0.002;0.000;0.001;0.000;0.001;0.001;0.002;0.000;0.000;0.001;0.001;0.000;0.001
0.002;0.001;0.000;0.000;0.002;0.002;0.004;0.000;0.002;0.001;0.002;0.003;0.000;0.002;0.001;0.002;0.003;0.002;0.000;0.002;0.002;0.001;0.001;0.002
0.000;0.000;0.001;0.000;0.006;0.002;0.001;0.001;0.006;0.000;0.001;0.001;0.011;0.001;0.001;0.000;0.005;0.001;0.002;0.000;0.003;0.000;0.001;0.000
0.002;0.001;0.000;0.002;0.005;0.004;0.003;0.008;0.001;0.000;0.000;0.001;0.001;0.000;0.001;0.002;0.003;0.001;0.002;0.003;0.001;0.001;0.001;0.001
0.000;0.001;0.000;0.000;0.000;0.002;0.002;0.003;0.001;0.001;0.000;0.001;0.003;0.001;0.001;0.002;0.001;0.002;0.001;0.002;0.000;0.002;0.000;0.000
0.001;0.002;0.001;0.001;0.000;0.002;0.000;0.001;0.001;0.001;0.001;0.000;0.000;0.000;0.000;0.000;0.001;0.001;0.000;0.000;0.002;0.002;0.001;0.001
0.001;0.002;0.001;0.000;0.010;0.002;0.005;0.000;0.001;0.000;0.002;0.001;0.010;0.000;0.001;0.001;0.006;0.002;0.001;0.000;0.001;0.002;0.001;0.000
0.000;0.001;0.001;0.000;0.001;0.004;0.002;0.000;0.001;0.001;0.001;0.001;0.004;0.003;0.001;0.003;0.001;0.002;0.000;0.000;0.000;0.002;0.002;0.001
0.005;0.001;0.001;0.003;0.011;0.001;0.004;0.006;0.081;0.023;0.024;0.016;0.022;0.009;0.009;0.005;0.037;0.013;0.016;0.011;0.060;0.022;0.025;0.011
0.001;0.004;0.001;0.001;0.001;0.011;0.004;0.004;0.054;0.046;0.019;0.011;0.013;0.029;0.008;0.005;0.020;0.031;0.017;0.007;0.042;0.038;0.017;0.010
0.002;0.001;0.000;0.000;0.004;0.002;0.001;0.001;0.003;0.002;0.000;0.002;0.004;0.006;0.002;0.001;0.007;0.003;0.001;0.000;0.004;0.001;0.000;0.000
0.001;0.002;0.000;0.000;0.003;0.002;0.001;0.001;0.004;0.003;0.000;0.002;0.002;0.004;0.000;0.003;0.006;0.001;0.000;0.000;0.003;0.001;0.000;0.000
0.000;0.001;0.002;0.001;0.001;0.006;0.004;0.000;0.003;0.005;0.003;0.001;0.001;0.002;0.000;0.001;0.000;0.002;0.001;0.000;0.001;0.001;0.001;0.000
0.001;0.000;0.001;0.001;0.002;0.001;0.003;0.005;0.004;0.000;0.002;0.000;0.006;0.000;0.003;0.001;0.004;0.001;0.002;0.003;0.004;0.000;0.001;0.002
0.001;0.001;0.000;0.001;0.004;0.002;0.002;0.000;0.007;0.002;0.002;0.000;0.010;0.003;0.003;0.000;0.006;0.003;0.004;0.001;0.007;0.002;0.001;0.000
0.000;0.000;0.001;0.000;0.002;0.004;0.001;0.001;0.002;0.000;0.002;0.001;0.005;0.003;0.000;0.001;0.001;0.002;0.000;0.001;0.002;0.000;0.001;0.001
0.003;0.001;0.002;0.000;0.007;0.000;0.008;0.001;0.000;0.001;0.001;0.004;0.004;0.000;0.006;0.001;0.003;0.001;0.005;0.001;0.001;0.001;0.001;0.001
0.007;0.009;0.001;0.001;0.016;0.024;0.000;0.003;0.053;0.023;0.009;0.002;0.059;0.054;0.014;0.012;0.069;0.040;0.008;0.009;0.069;0.040;0.012;0.008
0.005;0.004;0.001;0.002;0.010;0.015;0.001;0.004;0.046;0.024;0.009;0.004;0.046;0.043;0.014;0.020;0.047;0.035;0.011;0.010;0.056;0.033;0.017;0.006
0.000;0.000;0.000;0.005;0.004;0.001;0.002;0.009;0.009;0.002;0.007;0.008;0.001;0.000;0.008;0.006;0.008;0.000;0.006;0.011;0.014;0.001;0.004;0.016
0.001;0.001;0.001;0.003;0.004;0.003;0.003;0.007;0.005;0.006;0.008;0.005;0.001;0.002;0.006;0.005;0.000;0.002;0.007;0.008;0.002;0.005;0.006;0.009
0.003;0.002;0.002;0.001;0.005;0.004;0.000;0.000;0.004;0.002;0.001;0.001;0.001;0.001;0.001;0.004;0.004;0.002;0.000;0.001;0.005;0.003;0.003;0.001
0.000;0.002;0.001;0.002;0.001;0.008;0.004;0.005;0.006;0.009;0.003;0.003;0.007;0.007;0.017;0.004;0.003;0.010;0.010;0.005;0.003;0.008;0.004;0.007
0.001;0.001;0.000;0.001;0.002;0.007;0.003;0.003;0.013;0.005;0.003;0.002;0.012;0.015;0.005;0.002;0.005;0.009;0.008;0.003;0.007;0.006;0.004;0.003
0.001;0.003;0.001;0.000;0.000;0.003;0.001;0.000;0.000;0.000;0.002;0.001;0.000;0.002;0.002;0.001;0.001;0.001;0.001;0.001;0.001;0.000;0.003;0.001
0.000;0.000;0.001;0.000;0.000;0.001;0.002;0.001;0.002;0.001;0.002;0.000;0.001;0.001;0.001;0.001;0.000;0.000;0.001;0.000;0.001;0.001;0.000;0.001
0.000;0.000;0.002;0.000;0.001;0.005;0.008;0.001;0.022;0.019;0.011;0.010;0.014;0.021;0.015;0.016;0.018;0.017;0.019;0.011;0.018;0.015;0.018;0.008
0.001;0.002;0.001;0.000;0.000;0.007;0.003;0.001;0.021;0.017;0.010;0.001;0.014;0.029;0.009;0.009;0.008;0.030;0.011;0.009;0.014;0.019;0.010;0.005
0.001;0.001;0.000;0.000;0.000;0.002;0.000;0.001;0.004;0.000;0.002;0.006;0.005;0.000;0.002;0.004;0.002;0.001;0.002;0.003;0.003;0.000;0.003;0.003
0.001;0.001;0.001;0.000;0.005;0.002;0.004;0.001;0.015;0.019;0.011;0.000;0.014;0.014;0.007;0.000;0.019;0.010;0.009;0.000;0.017;0.018;0.007;0.001
0.001;0.000;0.002;0.000;0.001;0.002;0.004;0.000;0.009;0.010;0.013;0.002;0.006;0.010;0.010;0.001;0.004;0.008;0.010;0.001;0.013;0.011;0.009;0.002
0.001;0.002;0.000;0.002;0.004;0.002;0.000;0.004;0.002;0.005;0.000;0.003;0.006;0.005;0.002;0.002;0.002;0.001;0.000;0.002;0.001;0.004;0.001;0.002
0.003;0.001;0.003;0.001;0.011;0.004;0.004;0.005;0.048;0.032;0.015;0.004;0.026;0.020;0.003;0.003;0.025;0.025;0.008;0.006;0.045;0.027;0.015;0.004
0.008;0.002;0.002;0.001;0.024;0.003;0.004;0.002;0.049;0.024;0.016;0.002;0.030;0.006;0.006;0.000;0.037;0.015;0.014;0.002;0.058;0.025;0.017;0.001
0.002;0.001;0.003;0.002;0.003;0.002;0.003;0.005;0.002;0.000;0.000;0.004;0.001;0.003;0.001;0.006;0.000;0.001;0.002;0.003;0.001;0.000;0.002;0.004
0.000;0.001;0.000;0.000;0.001;0.002;0.001;0.000;0.000;0.001;0.001;0.001;0.004;0.000;0.002;0.003;0.000;0.001;0.000;0.000;0.000;0.001;0.000;0.000
0.002;0.001;0.001;0.000;0.006;0.006;0.000;0.001;0.035;0.024;0.021;0.006;0.029;0.011;0.004;0.006;0.036;0.019;0.008;0.004;0.033;0.024;0.014;0.005
0.002;0.002;0.001;0.000;0.007;0.005;0.001;0.003;0.048;0.032;0.012;0.012;0.023;0.014;0.002;0.007;0.031;0.028;0.008;0.009;0.047;0.031;0.012;0.010
0.006;0.002;0.003;0.001;0.011;0.007;0.007;0.000;0.048;0.023;0.017;0.006;0.044;0.022;0.012;0.002;0.046;0.015;0.014;0.003;0.046;0.022;0.020;0.006
0.003;0.001;0.002;0.001;0.004;0.005;0.001;0.001;0.027;0.018;0.005;0.002;0.016;0.017;0.003;0.002;0.020;0.019;0.006;0.002;0.027;0.018;0.009;0.003
0.005;0.000;0.001;0.000;0.010;0.001;0.005;0.001;0.029;0.003;0.029;0.010;0.019;0.003;0.016;0.003;0.021;0.004;0.008;0.003;0.041;0.002;0.016;0.007
0.002;0.001;0.001;0.002;0.001;0.001;0.007;0.004;0.017;0.025;0.009;0.002;0.006;0.009;0.005;0.011;0.018;0.007;0.010;0.001;0.030;0.016;0.011;0.000
0.001;0.001;0.002;0.005;0.002;0.001;0.010;0.010;0.024;0.012;0.008;0.008;0.009;0.014;0.010;0.005;0.007;0.004;0.007;0.008;0.016;0.002;0.003;0.010
0.007;0.000;0.003;0.003;0.006;0.004;0.015;0.008;0.043;0.013;0.041;0.011;0.002;0.035;0.032;0.017;0.017;0.019;0.040;0.014;0.049;0.019;0.031;0.014
0.002;0.001;0.000;0.000;0.005;0.003;0.003;0.002;0.011;0.016;0.015;0.012;0.006;0.008;0.015;0.016;0.011;0.012;0.012;0.010;0.023;0.019;0.010;0.010
0.001;0.000;0.000;0.000;0.002;0.004;0.001;0.000;0.002;0.001;0.000;0.000;0.004;0.001;0.001;0.001;0.003;0.001;0.001;0.001;0.001;0.001;0.000;0.000
0.004;0.002;0.001;0.001;0.002;0.005;0.000;0.000;0.048;0.108;0.010;0.039;0.041;0.005;0.005;0.007;0.021;0.003;0.003;0.003;0.026;0.009;0.007;0.003
0.005;0.004;0.000;0.001;0.010;0.008;0.000;0.003;0.152;0.015;0.124;0.014;0.032;0.017;0.008;0.013;0.025;0.006;0.003;0.004;0.015;0.013;0.004;0.003
0.001;0.000;0.000;0.000;0.002;0.001;0.000;0.001;0.372;0.240;0.245;0.202;0.010;0.002;0.001;0.002;0.001;0.001;0.002;0.001;0.007;0.006;0.004;0.004
0.000;0.000;0.000;0.002;0.001;0.001;0.000;0.001;0.021;0.002;0.008;0.011;0.000;0.003;0.001;0.001;0.005;0.000;0.002;0.002;0.011;0.001;0.002;0.009
0.001;0.000;0.001;0.001;0.002;0.002;0.002;0.001;0.043;0.031;0.027;0.004;0.002;0.001;0.003;0.001;0.000;0.001;0.001;0.000;0.001;0.001;0.008;0.006
0.004;0.002;0.000;0.000;0.015;0.002;0.001;0.000;0.033;0.042;0.014;0.005;0.023;0.005;0.000;0.001;0.053;0.015;0.003;0.002;0.048;0.038;0.007;0.004
0.002;0.000;0.002;0.000;0.011;0.002;0.002;0.002;0.036;0.022;0.014;0.006;0.018;0.002;0.001;0.000;0.046;0.014;0.005;0.001;0.043;0.017;0.011;0.004
0.001;0.001;0.000;0.001;0.001;0.001;0.000;0.002;0.001;0.003;0.005;0.001;0.000;0.003;0.002;0.001;0.000;0.001;0.001;0.000;0.000;0.001;0.001;0.000
0.000;0.001;0.000;0.001;0.002;0.003;0.000;0.002;0.000;0.000;0.001;0.003;0.003;0.001;0.001;0.000;0.000;0.002;0.000;0.000;0.000;0.001;0.000;0.000
0.000;0.000;0.000;0.001;0.001;0.004;0.001;0.001;0.001;0.002;0.000;0.005;0.001;0.002;0.001;0.004;0.000;0.002;0.000;0.001;0.001;0.000;0.000;0.001
0.001;0.001;0.000;0.001;0.004;0.000;0.003;0.003;0.002;0.005;0.000;0.002;0.002;0.000;0.002;0.004;0.002;0.000;0.001;0.003;0.000;0.001;0.000;0.002
0.000;0.003;0.001;0.002;0.001;0.006;0.003;0.007;0.002;0.005;0.000;0.001;0.001;0.000;0.000;0.001;0.001;0.002;0.003;0.004;0.001;0.003;0.004;0.003
0.000;0.002;0.007;0.003;0.002;0.002;0.024;0.016;0.003;0.005;0.000;0.000;0.014;0.004;0.013;0.017;0.001;0.003;0.017;0.007;0.001;0.006;0.008;0.002
0.002;0.005;0.002;0.002;0.004;0.010;0.004;0.009;0.003;0.003;0.003;0.003;0.010;0.004;0.011;0.024;0.001;0.004;0.003;0.008;0.002;0.001;0.000;0.001
0.001;0.000;0.001;0.002;0.000;0.000;0.000;0.004;0.005;0.001;0.004;0.000;0.034;0.035;0.013;0.003;0.018;0.015;0.007;0.001;0.006;0.003;0.003;0.000
0.003;0.001;0.004;0.002;0.002;0.000;0.001;0.001;0.000;0.000;0.001;0.000;0.002;0.000;0.004;0.001;0.012;0.004;0.005;0.004;0.003;0.001;0.002;0.001
0.004;0.005;0.004;0.001;0.003;0.002;0.000;0.000;0.001;0.005;0.002;0.001;0.015;0.000;0.014;0.001;0.003;0.000;0.000;0.000;0.001;0.000;0.000;0.000
0.004;0.000;0.002;0.002;0.003;0.000;0.001;0.000;0.002;0.002;0.011;0.003;0.012;0.024;0.023;0.002;0.001;0.005;0.003;0.001;0.000;0.002;0.001;0.000
0.001;0.001;0.001;0.000;0.002;0.000;0.001;0.001;0.003;0.001;0.007;0.002;0.001;0.001;0.013;0.007;0.000;0.000;0.006;0.005;0.000;0.000;0.001;0.001
0.003;0.001;0.000;0.001;0.002;0.003;0.001;0.004;0.003;0.003;0.001;0.001;0.003;0.001;0.005;0.006;0.001;0.001;0.005;0.002;0.000;0.000;0.000;0.001
0.008;0.003;0.000;0.003;0.008;0.000;0.000;0.003;0.006;0.006;0.006;0.002;0.008;0.002;0.004;0.018;0.009;0.005;0.004;0.008;0.003;0.001;0.000;0.002
0.001;0.004;0.000;0.000;0.000;0.004;0.000;0.003;0.009;0.006;0.005;0.001;0.005;0.004;0.001;0.003;0.001;0.003;0.001;0.000;0.001;0.001;0.000;0.000
0.001;0.000;0.001;0.000;0.003;0.001;0.001;0.000;0.000;0.003;0.001;0.001;0.013;0.004;0.004;0.005;0.002;0.001;0.001;0.001;0.000;0.001;0.001;0.000
0.010;0.000;0.002;0.001;0.006;0.001;0.002;0.000;0.004;0.002;0.006;0.000;0.011;0.000;0.012;0.000;0.004;0.001;0.004;0.000;0.003;0.001;0.002;0.000
0.002;0.000;0.002;0.003;0.001;0.001;0.002;0.002;0.006;0.001;0.003;0.002;0.006;0.003;0.010;0.001;0.001;0.001;0.002;0.002;0.001;0.000;0.002;0.001
0.011;0.001;0.012;0.003;0.011;0.002;0.011;0.005;0.003;0.003;0.003;0.001;0.010;0.001;0.006;0.009;0.014;0.002;0.009;0.008;0.003;0.000;0.002;0.001
0.004;0.004;0.001;0.001;0.007;0.008;0.000;0.001;0.016;0.017;0.014;0.010;0.029;0.031;0.018;0.027;0.011;0.009;0.010;0.011;0.003;0.002;0.002;0.003
0.012;0.009;0.011;0.001;0.012;0.026;0.023;0.013;0.034;0.009;0.014;0.003;0.047;0.155;0.093;0.095;0.097;0.108;0.091;0.060;0.027;0.018;0.024;0.012
0.017;0.014;0.012;0.023;0.017;0.005;0.013;0.003;0.014;0.092;0.007;0.047;0.258;0.083;0.043;0.061;0.027;0.014;0.022;0.009;0.019;0.006;0.011;0.002
0.024;0.003;0.042;0.012;0.044;0.017;0.023;0.003;0.015;0.000;0.001;0.003;0.330;0.214;0.091;0.031;0.108;0.058;0.042;0.020;0.015;0.006;0.011;0.007
0.007;0.017;0.021;0.003;0.008;0.004;0.009;0.003;0.035;0.011;0.031;0.021;0.007;0.027;0.028;0.003;0.015;0.003;0.010;0.015;0.001;0.000;0.004;0.002
0.007;0.007;0.000;0.029;0.001;0.005;0.003;0.005;0.078;0.057;0.077;0.028;0.105;0.041;0.072;0.033;0.000;0.009;0.000;0.003;0.000;0.001;0.000;0.004
0.004;0.001;0.004;0.009;0.005;0.002;0.005;0.004;0.049;0.016;0.050;0.000;0.014;0.004;0.027;0.001;0.002;0.000;0.002;0.001;0.001;0.000;0.002;0.001
0.001;0.003;0.001;0.004;0.003;0.000;0.001;0.003;0.001;0.017;0.005;0.001;0.027;0.008;0.009;0.006;0.001;0.001;0.000;0.004;0.000;0.001;0.000;0.002
0.000;0.001;0.003;0.005;0.000;0.000;0.006;0.006;0.032;0.045;0.015;0.015;0.001;0.006;0.021;0.020;0.000;0.000;0.005;0.004;0.000;0.001;0.000;0.001
0.001;0.005;0.000;0.000;0.006;0.002;0.000;0.007;0.024;0.016;0.007;0.006;0.008;0.010;0.007;0.010;0.003;0.005;0.001;0.002;0.000;0.003;0.000;0.000
0.001;0.001;0.002;0.004;0.001;0.003;0.001;0.006;0.002;0.007;0.002;0.003;0.014;0.009;0.003;0.002;0.006;0.008;0.000;0.001;0.001;0.001;0.001;0.002
0.001;0.003;0.003;0.001;0.004;0.003;0.005;0.002;0.004;0.001;0.001;0.005;0.004;0.007;0.001;0.006;0.007;0.001;0.002;0.004;0.000;0.001;0.001;0.000
0.000;0.003;0.000;0.005;0.001;0.001;0.001;0.004;0.000;0.001;0.002;0.000;0.005;0.002;0.000;0.003;0.001;0.002;0.000;0.005;0.001;0.003;0.001;0.003
0.001;0.002;0.000;0.000;0.004;0.001;0.002;0.001;0.006;0.000;0.001;0.002;0.003;0.000;0.001;0.001;0.001;0.001;0.001;0.000;0.000;0.001;0.000;0.000
0.002;0.004;0.004;0.003;0.005;0.002;0.001;0.001;0.008;0.001;0.001;0.000;0.001;0.002;0.000;0.001;0.001;0.001;0.001;0.000;0.000;0.001;0.002;0.001
0.003;0.008;0.002;0.001;0.002;0.005;0.002;0.001;0.012;0.003;0.002;0.000;0.001;0.002;0.001;0.000;0.005;0.003;0.000;0.003;0.001;0.002;0.001;0.000
0.012;0.019;0.001;0.004;0.002;0.018;0.000;0.000;0.092;0.081;0.007;0.032;0.054;0.066;0.000;0.009;0.034;0.074;0.000;0.014;0.035;0.035;0.002;0.008
0.019;0.005;0.002;0.000;0.011;0.008;0.002;0.001;0.095;0.009;0.008;0.006;0.034;0.017;0.008;0.002;0.025;0.016;0.007;0.001;0.039;0.018;0.009;0.005
0.001;0.009;0.001;0.000;0.003;0.009;0.002;0.002;0.002;0.010;0.000;0.001;0.011;0.027;0.003;0.006;0.006;0.012;0.003;0.005;0.002;0.003;0.001;0.002
0.004;0.004;0.000;0.001;0.006;0.004;0.004;0.000;0.036;0.049;0.009;0.024;0.006;0.014;0.009;0.001;0.006;0.004;0.001;0.002;0.001;0.001;0.000;0.000
0.007;0.008;0.004;0.002;0.004;0.009;0.000;0.000;0.045;0.016;0.004;0.010;0.000;0.023;0.003;0.002;0.007;0.012;0.003;0.001;0.012;0.002;0.003;0.001
0.017;0.002;0.005;0.000;0.007;0.001;0.004;0.000;0.015;0.008;0.000;0.002;0.002;0.001;0.001;0.000;0.010;0.002;0.008;0.002;0.012;0.003;0.004;0.001
0.001;0.001;0.001;0.004;0.001;0.001;0.000;0.004;0.002;0.005;0.000;0.013;0.012;0.009;0.008;0.001;0.001;0.004;0.001;0.004;0.000;0.000;0.000;0.003
0.002;0.000;0.001;0.000;0.001;0.001;0.003;0.000;0.003;0.000;0.002;0.001;0.019;0.019;0.010;0.010;0.003;0.005;0.002;0.003;0.000;0.000;0.001;0.001
0.007;0.015;0.005;0.000;0.009;0.016;0.005;0.001;0.029;0.019;0.016;0.000;0.013;0.034;0.018;0.002;0.022;0.026;0.019;0.001;0.017;0.016;0.009;0.001
0.010;0.019;0.003;0.003;0.016;0.019;0.002;0.000;0.015;0.028;0.007;0.001;0.048;0.037;0.004;0.001;0.034;0.038;0.005;0.001;0.020;0.023;0.003;0.001
0.002;0.002;0.001;0.001;0.009;0.000;0.001;0.002;0.012;0.010;0.000;0.001;0.019;0.001;0.008;0.007;0.002;0.001;0.002;0.001;0.000;0.002;0.001;0.001
0.004;0.002;0.000;0.000;0.011;0.001;0.005;0.000;0.013;0.001;0.007;0.000;0.015;0.017;0.042;0.008;0.004;0.001;0.009;0.001;0.001;0.000;0.000;0.000
0.002;0.004;0.000;0.001;0.001;0.005;0.004;0.000;0.005;0.006;0.005;0.001;0.003;0.012;0.009;0.001;0.004;0.008;0.004;0.002;0.000;0.000;0.000;0.000
0.001;0.001;0.001;0.001;0.000;0.002;0.001;0.003;0.001;0.003;0.001;0.001;0.024;0.023;0.005;0.015;0.001;0.007;0.002;0.002;0.001;0.002;0.000;0.001
0.001;0.000;0.000;0.002;0.001;0.003;0.000;0.002;0.002;0.000;0.002;0.000;0.002;0.003;0.001;0.001;0.005;0.001;0.004;0.003;0.003;0.001;0.001;0.000
0.000;0.001;0.002;0.001;0.003;0.002;0.000;0.000;0.000;0.001;0.001;0.001;0.001;0.017;0.003;0.005;0.009;0.013;0.004;0.004;0.002;0.001;0.001;0.001
0.000;0.002;0.004;0.001;0.001;0.002;0.002;0.000;0.004;0.003;0.001;0.000;0.005;0.009;0.000;0.003;0.001;0.003;0.002;0.001;0.001;0.002;0.000;0.001
0.001;0.002;0.005;0.000;0.001;0.005;0.005;0.000;0.005;0.003;0.000;0.002;0.035;0.007;0.004;0.008;0.011;0.002;0.000;0.002;0.004;0.001;0.000;0.001
0.002;0.001;0.001;0.002;0.008;0.002;0.000;0.005;0.002;0.002;0.002;0.001;0.015;0.012;0.001;0.018;0.023;0.001;0.002;0.002;0.000;0.000;0.000;0.001
0.002;0.002;0.000;0.002;0.006;0.003;0.000;0.002;0.009;0.016;0.003;0.003;0.009;0.008;0.001;0.003;0.005;0.002;0.000;0.003;0.002;0.003;0.002;0.001
0.002;0.004;0.005;0.000;0.002;0.004;0.004;0.001;0.001;0.004;0.001;0.000;0.004;0.009;0.005;0.009;0.003;0.004;0.002;0.002;0.001;0.001;0.000;0.000
0.003;0.000;0.012;0.001;0.007;0.001;0.008;0.000;0.000;0.002;0.003;0.000;0.004;0.006;0.003;0.004;0.001;0.000;0.002;0.000;0.000;0.000;0.001;0.000
0.001;0.002;0.002;0.001;0.005;0.002;0.002;0.001;0.004;0.001;0.003;0.002;0.011;0.006;0.005;0.001;0.006;0.002;0.005;0.002;0.003;0.000;0.002;0.001
0.001;0.004;0.003;0.001;0.003;0.004;0.002;0.001;0.009;0.001;0.001;0.000;0.011;0.000;0.000;0.001;0.017;0.003;0.003;0.000;0.007;0.002;0.002;0.000
0.001;0.005;0.003;0.001;0.002;0.006;0.002;0.001;0.002;0.001;0.000;0.003;0.004;0.003;0.001;0.003;0.002;0.003;0.000;0.001;0.001;0.000;0.001;0.001
0.000;0.001;0.006;0.000;0.001;0.001;0.011;0.001;0.005;0.007;0.001;0.001;0.010;0.010;0.001;0.002;0.020;0.009;0.002;0.003;0.003;0.003;0.000;0.001
0.004;0.002;0.001;0.001;0.002;0.006;0.000;0.001;0.003;0.001;0.000;0.002;0.013;0.000;0.002;0.004;0.045;0.015;0.013;0.010;0.009;0.002;0.002;0.003
0.000;0.002;0.003;0.000;0.000;0.002;0.002;0.000;0.001;0.002;0.000;0.000;0.006;0.009;0.002;0.001;0.029;0.016;0.007;0.009;0.001;0.002;0.001;0.000
0.004;0.005;0.000;0.000;0.004;0.009;0.000;0.001;0.047;0.015;0.006;0.008;0.169;0.080;0.023;0.047;0.110;0.052;0.015;0.041;0.048;0.020;0.009;0.011
0.002;0.003;0.001;0.001;0.003;0.005;0.002;0.005;0.057;0.025;0.004;0.005;0.235;0.104;0.039;0.023;0.146;0.058;0.020;0.017;0.068;0.030;0.013;0.011
0.001;0.002;0.002;0.000;0.000;0.000;0.001;0.000;0.002;0.001;0.001;0.001;0.015;0.002;0.003;0.003;0.003;0.000;0.001;0.001;0.000;0.001;0.001;0.001
0.001;0.001;0.001;0.005;0.001;0.005;0.002;0.004;0.005;0.015;0.004;0.000;0.044;0.049;0.029;0.007;0.007;0.015;0.009;0.002;0.005;0.006;0.003;0.001
0.000;0.000;0.003;0.000;0.001;0.002;0.007;0.002;0.000;0.003;0.008;0.001;0.010;0.016;0.033;0.003;0.008;0.006;0.020;0.004;0.005;0.004;0.008;0.001
0.001;0.001;0.002;0.001;0.003;0.002;0.006;0.001;0.004;0.003;0.003;0.004;0.011;0.005;0.007;0.022;0.017;0.013;0.007;0.019;0.007;0.004;0.005;0.005
0.002;0.001;0.002;0.001;0.005;0.003;0.006;0.002;0.002;0.001;0.002;0.001;0.003;0.005;0.004;0.001;0.319;0.163;0.146;0.091;0.001;0.004;0.001;0.002
0.004;0.000;0.001;0.003;0.005;0.001;0.001;0.004;0.007;0.001;0.000;0.004;0.027;0.009;0.008;0.004;0.495;0.305;0.248;0.202;0.000;0.000;0.001;0.001
0.000;0.002;0.001;0.003;0.002;0.005;0.001;0.003;0.002;0.002;0.001;0.002;0.009;0.005;0.015;0.002;0.417;0.045;0.069;0.113;0.001;0.001;0.001;0.001
0.000;0.000;0.008;0.001;0.001;0.001;0.009;0.001;0.003;0.001;0.003;0.001;0.001;0.003;0.011;0.005;0.996;0.564;0.325;0.225;0.002;0.002;0.007;0.002
0.000;0.002;0.002;0.003;0.000;0.005;0.000;0.004;0.000;0.005;0.001;0.001;0.000;0.003;0.000;0.004;0.107;0.070;0.053;0.063;0.007;0.008;0.006;0.000
0.000;0.003;0.000;0.002;0.000;0.006;0.000;0.002;0.011;0.001;0.003;0.011;0.037;0.026;0.019;0.024;0.020;0.012;0.008;0.017;0.021;0.007;0.009;0.013
0.000;0.002;0.001;0.004;0.001;0.002;0.000;0.003;0.003;0.011;0.002;0.001;0.028;0.041;0.030;0.007;0.055;0.052;0.030;0.012;0.005;0.008;0.003;0.001
0.000;0.000;0.002;0.003;0.000;0.000;0.001;0.003;0.005;0.006;0.003;0.000;0.008;0.006;0.006;0.001;0.009;0.008;0.006;0.008;0.003;0.002;0.002;0.000
0.001;0.000;0.003;0.002;0.003;0.000;0.001;0.003;0.014;0.010;0.001;0.005;0.035;0.045;0.011;0.032;0.002;0.002;0.000;0.004;0.008;0.009;0.003;0.005
0.001;0.001;0.001;0.002;0.002;0.002;0.001;0.003;0.005;0.001;0.001;0.001;0.030;0.004;0.016;0.007;0.001;0.000;0.001;0.002;0.006;0.005;0.003;0.002
0.000;0.001;0.001;0.001;0.000;0.002;0.002;0.000;0.000;0.002;0.001;0.000;0.008;0.009;0.001;0.000;0.001;0.002;0.000;0.000;0.001;0.001;0.000;0.000
0.001;0.001;0.000;0.001;0.001;0.002;0.000;0.000;0.005;0.006;0.002;0.002;0.012;0.010;0.007;0.008;0.011;0.003;0.003;0.006;0.001;0.001;0.001;0.001
0.004;0.004;0.001;0.001;0.004;0.008;0.002;0.001;0.001;0.002;0.001;0.000;0.010;0.022;0.004;0.000;0.009;0.015;0.003;0.001;0.001;0.002;0.001;0.000
0.001;0.001;0.003;0.000;0.004;0.002;0.004;0.000;0.005;0.007;0.001;0.000;0.005;0.007;0.004;0.001;0.002;0.003;0.004;0.000;0.001;0.002;0.001;0.000
0.001;0.001;0.001;0.001;0.000;0.001;0.002;0.000;0.008;0.000;0.004;0.001;0.006;0.003;0.003;0.000;0.002;0.001;0.001;0.000;0.003;0.001;0.001;0.000
0.002;0.000;0.003;0.001;0.002;0.001;0.004;0.001;0.002;0.000;0.003;0.001;0.008;0.001;0.005;0.003;0.003;0.000;0.002;0.002;0.001;0.000;0.001;0.000
0.001;0.001;0.000;0.003;0.001;0.000;0.001;0.004;0.001;0.001;0.003;0.004;0.004;0.001;0.002;0.005;0.001;0.001;0.001;0.003;0.000;0.001;0.000;0.001
0.001;0.002;0.000;0.001;0.003;0.006;0.001;0.002;0.000;0.004;0.001;0.003;0.007;0.007;0.000;0.005;0.003;0.004;0.000;0.003;0.001;0.001;0.000;0.000
0.002;0.003;0.003;0.000;0.000;0.009;0.005;0.000;0.011;0.002;0.008;0.007;0.014;0.000;0.015;0.008;0.005;0.001;0.006;0.002;0.002;0.000;0.001;0.000
0.005;0.000;0.001;0.002;0.006;0.000;0.002;0.001;0.011;0.003;0.001;0.000;0.021;0.014;0.013;0.005;0.012;0.010;0.007;0.003;0.004;0.001;0.001;0.001
0.001;0.003;0.002;0.005;0.001;0.001;0.002;0.006;0.000;0.002;0.000;0.001;0.005;0.001;0.001;0.001;0.001;0.000;0.001;0.003;0.001;0.000;0.000;0.001
0.003;0.000;0.001;0.001;0.001;0.000;0.002;0.004;0.003;0.001;0.003;0.002;0.016;0.004;0.007;0.004;0.006;0.003;0.001;0.005;0.004;0.002;0.001;0.003
0.003;0.002;0.001;0.001;0.002;0.003;0.001;0.003;0.000;0.003;0.001;0.001;0.015;0.010;0.005;0.012;0.015;0.006;0.006;0.005;0.003;0.002;0.002;0.001
0.001;0.001;0.000;0.004;0.002;0.001;0.000;0.005;0.002;0.002;0.003;0.001;0.007;0.001;0.001;0.003;0.006;0.002;0.003;0.000;0.001;0.000;0.000;0.000
0.001;0.002;0.001;0.004;0.000;0.002;0.001;0.004;0.001;0.001;0.000;0.003;0.000;0.001;0.004;0.002;0.000;0.000;0.001;0.002;0.000;0.000;0.001;0.001
0.001;0.004;0.003;0.002;0.001;0.003;0.002;0.003;0.001;0.009;0.007;0.001;0.001;0.006;0.009;0.002;0.001;0.003;0.005;0.001;0.000;0.001;0.003;0.000
0.003;0.001;0.003;0.000;0.002;0.002;0.002;0.001;0.003;0.005;0.002;0.003;0.006;0.006;0.001;0.007;0.001;0.001;0.003;0.002;0.000;0.000;0.001;0.000
0.002;0.001;0.002;0.003;0.003;0.002;0.001;0.001;0.021;0.024;0.006;0.010;0.001;0.000;0.004;0.001;0.007;0.004;0.002;0.004;0.007;0.003;0.006;0.006
0.007;0.012;0.006;0.002;0.002;0.004;0.007;0.000;0.013;0.067;0.006;0.014;0.014;0.010;0.013;0.000;0.011;0.022;0.014;0.003;0.015;0.013;0.012;0.003
0.018;0.014;0.010;0.004;0.015;0.004;0.005;0.000;0.089;0.034;0.000;0.005;0.006;0.120;0.077;0.027;0.017;0.048;0.037;0.002;0.027;0.030;0.011;0.000
0.018;0.004;0.000;0.002;0.026;0.004;0.000;0.000;0.095;0.022;0.036;0.026;0.075;0.013;0.008;0.005;0.020;0.031;0.015;0.009;0.024;0.011;0.005;0.004
0.002;0.000;0.003;0.002;0.011;0.012;0.004;0.003;0.049;0.001;0.005;0.005;0.159;0.036;0.005;0.036;0.023;0.015;0.002;0.006;0.007;0.007;0.001;0.003
0.036;0.030;0.002;0.003;0.005;0.024;0.001;0.005;0.033;0.021;0.026;0.002;0.011;0.095;0.002;0.025;0.020;0.062;0.007;0.011;0.034;0.024;0.005;0.003
0.024;0.023;0.001;0.001;0.009;0.017;0.015;0.001;0.106;0.011;0.003;0.022;0.024;0.060;0.080;0.008;0.011;0.050;0.042;0.008;0.047;0.018;0.002;0.004
0.002;0.001;0.002;0.000;0.005;0.006;0.001;0.000;0.011;0.024;0.001;0.018;0.031;0.013;0.003;0.001;0.012;0.000;0.001;0.000;0.000;0.000;0.000;0.001
0.002;0.000;0.001;0.001;0.008;0.006;0.009;0.004;0.003;0.010;0.006;0.004;0.005;0.005;0.005;0.004;0.000;0.000;0.001;0.002;0.001;0.001;0.000;0.001
0.003;0.002;0.000;0.001;0.001;0.001;0.000;0.002;0.003;0.001;0.004;0.002;0.014;0.009;0.003;0.000;0.004;0.003;0.001;0.001;0.001;0.000;0.001;0.000
0.001;0.002;0.001;0.001;0.006;0.004;0.002;0.001;0.004;0.000;0.004;0.000;0.011;0.002;0.007;0.000;0.004;0.003;0.001;0.000;0.000;0.000;0.000;0.000
0.002;0.000;0.004;0.001;0.003;0.000;0.002;0.003;0.002;0.001;0.005;0.001;0.005;0.000;0.003;0.004;0.003;0.000;0.003;0.001;0.006;0.000;0.006;0.003
0.002;0.000;0.002;0.002;0.005;0.001;0.003;0.002;0.004;0.001;0.006;0.001;0.009;0.001;0.004;0.004;0.000;0.002;0.005;0.001;0.002;0.009;0.002;0.001
0.016;0.000;0.003;0.006;0.025;0.000;0.013;0.004;0.012;0.004;0.009;0.004;0.064;0.030;0.010;0.019;0.028;0.011;0.027;0.007;0.014;0.015;0.004;0.001
0.019;0.006;0.002;0.003;0.001;0.014;0.011;0.011;0.004;0.002;0.017;0.010;0.180;0.020;0.047;0.082;0.039;0.047;0.035;0.026;0.025;0.006;0.001;0.000
0.033;0.009;0.001;0.003;0.017;0.032;0.001;0.010;0.047;0.041;0.028;0.018;0.138;0.059;0.024;0.011;0.001;0.004;0.000;0.004;0.003;0.000;0.001;0.001
0.003;0.000;0.002;0.001;0.002;0.001;0.002;0.001;0.005;0.003;0.003;0.005;0.017;0.002;0.006;0.000;0.001;0.001;0.001;0.000;0.002;0.002;0.003;0.002
0.032;0.024;0.007;0.001;0.009;0.003;0.000;0.001;0.085;0.061;0.040;0.069;0.035;0.003;0.004;0.003;0.016;0.002;0.002;0.000;0.005;0.001;0.001;0.000
0.002;0.003;0.016;0.023;0.002;0.003;0.001;0.002;0.070;0.291;0.016;0.053;0.044;0.010;0.009;0.007;0.000;0.002;0.001;0.001;0.004;0.002;0.002;0.003
0.003;0.006;0.008;0.028;0.006;0.002;0.001;0.001;0.022;0.040;0.052;0.001;0.051;0.034;0.006;0.012;0.009;0.003;0.001;0.000;0.004;0.000;0.001;0.002
0.008;0.002;0.001;0.004;0.010;0.002;0.003;0.001;0.063;0.021;0.053;0.033;0.015;0.003;0.004;0.000;0.003;0.003;0.005;0.004;0.001;0.000;0.001;0.001
0.004;0.000;0.001;0.001;0.005;0.006;0.001;0.002;0.014;0.007;0.004;0.004;0.005;0.008;0.002;0.002;0.003;0.004;0.002;0.001;0.003;0.000;0.000;0.001
0.001;0.001;0.003;0.002;0.003;0.002;0.006;0.005;0.012;0.001;0.003;0.006;0.002;0.005;0.004;0.006;0.002;0.001;0.003;0.004;0.003;0.000;0.001;0.003
0.004;0.000;0.001;0.007;0.000;0.002;0.001;0.012;0.020;0.000;0.007;0.009;0.004;0.007;0.000;0.022;0.000;0.001;0.001;0.011;0.002;0.000;0.001;0.002
0.001;0.003;0.000;0.000;0.002;0.005;0.001;0.001;0.024;0.001;0.006;0.007;0.020;0.023;0.003;0.005;0.001;0.006;0.001;0.001;0.000;0.001;0.000;0.000
0.014;0.004;0.003;0.002;0.014;0.001;0.004;0.001;0.000;0.043;0.050;0.001;0.036;0.005;0.001;0.013;0.029;0.006;0.007;0.009;0.016;0.007;0.009;0.004
0.184;0.129;0.113;0.094;0.207;0.089;0.077;0.087;0.048;0.023;0.087;0.001;0.210;0.106;0.077;0.105;0.087;0.032;0.062;0.017;0.031;0.007;0.028;0.001
0.128;0.144;0.125;0.103;0.109;0.143;0.080;0.085;0.044;0.028;0.031;0.010;0.047;0.263;0.091;0.200;0.030;0.077;0.045;0.070;0.003;0.015;0.024;0.020
0.010;0.001;0.001;0.003;0.021;0.002;0.001;0.002;0.036;0.046;0.014;0.001;0.054;0.001;0.011;0.005;0.010;0.002;0.001;0.001;0.001;0.002;0.001;0.001
0.001;0.002;0.006;0.001;0.008;0.007;0.002;0.000;0.025;0.009;0.021;0.018;0.100;0.063;0.046;0.016;0.031;0.022;0.023;0.009;0.014;0.004;0.008;0.004
0.012;0.005;0.012;0.000;0.014;0.012;0.003;0.000;0.032;0.020;0.005;0.004;0.024;0.046;0.012;0.001;0.026;0.028;0.029;0.003;0.015;0.004;0.010;0.000
0.007;0.009;0.003;0.003;0.008;0.011;0.011;0.004;0.026;0.008;0.001;0.001;0.068;0.027;0.016;0.003;0.022;0.018;0.016;0.005;0.010;0.006;0.004;0.003
0.003;0.001;0.003;0.001;0.001;0.003;0.000;0.002;0.004;0.000;0.004;0.001;0.008;0.002;0.003;0.001;0.002;0.002;0.003;0.001;0.001;0.000;0.001;0.001
0.003;0.000;0.004;0.002;0.002;0.000;0.004;0.000;0.002;0.002;0.002;0.001;0.012;0.005;0.012;0.003;0.013;0.007;0.015;0.003;0.003;0.000;0.003;0.000
0.002;0.001;0.001;0.000;0.003;0.003;0.001;0.000;0.000;0.004;0.001;0.000;0.007;0.005;0.003;0.003;0.011;0.003;0.005;0.003;0.002;0.000;0.001;0.000
0.002;0.006;0.001;0.000;0.002;0.005;0.001;0.000;0.002;0.006;0.003;0.002;0.005;0.011;0.004;0.003;0.007;0.009;0.003;0.002;0.002;0.003;0.001;0.000
0.003;0.000;0.001;0.002;0.002;0.000;0.002;0.003;0.004;0.003;0.003;0.006;0.001;0.004;0.003;0.005;0.001;0.002;0.004;0.007;0.000;0.001;0.002;0.004
0.000;0.000;0.001;0.003;0.001;0.001;0.001;0.003;0.000;0.000;0.001;0.002;0.007;0.005;0.002;0.006;0.001;0.001;0.000;0.004;0.001;0.000;0.000;0.002
0.002;0.001;0.005;0.001;0.001;0.001;0.003;0.002;0.005;0.012;0.005;0.006;0.010;0.008;0.005;0.017;0.006;0.007;0.004;0.005;0.003;0.003;0.002;0.002
0.003;0.002;0.004;0.000;0.000;0.000;0.002;0.001;0.002;0.002;0.002;0.001;0.001;0.003;0.009;0.000;0.008;0.006;0.004;0.001;0.003;0.001;0.001;0.000
0.004;0.000;0.000;0.000;0.001;0.000;0.002;0.001;0.003;0.000;0.001;0.001;0.001;0.003;0.002;0.000;0.001;0.001;0.001;0.001;0.001;0.000;0.000;0.000
0.001;0.002;0.000;0.002;0.001;0.002;0.001;0.002;0.005;0.000;0.001;0.003;0.006;0.002;0.003;0.008;0.006;0.001;0.003;0.006;0.000;0.001;0.001;0.002
0.001;0.001;0.001;0.003;0.000;0.000;0.004;0.003;0.012;0.001;0.005;0.000;0.005;0.000;0.008;0.001;0.006;0.001;0.005;0.000;0.000;0.000;0.001;0.001
0.001;0.001;0.002;0.000;0.002;0.001;0.004;0.000;0.002;0.002;0.003;0.000;0.003;0.004;0.009;0.000;0.001;0.002;0.004;0.000;0.001;0.001;0.001;0.000
0.001;0.009;0.000;0.001;0.003;0.009;0.000;0.002;0.000;0.007;0.000;0.001;0.003;0.014;0.003;0.002;0.002;0.009;0.002;0.002;0.001;0.004;0.001;0.000
0.009;0.002;0.001;0.003;0.008;0.003;0.000;0.005;0.003;0.000;0.000;0.002;0.002;0.002;0.001;0.005;0.005;0.003;0.001;0.003;0.003;0.001;0.001;0.001
0.000;0.002;0.001;0.002;0.001;0.002;0.002;0.006;0.004;0.002;0.001;0.000;0.015;0.010;0.002;0.007;0.002;0.003;0.000;0.002;0.001;0.002;0.000;0.000
0.001;0.002;0.000;0.001;0.000;0.004;0.001;0.001;0.002;0.002;0.002;0.002;0.004;0.002;0.004;0.004;0.005;0.004;0.004;0.004;0.002;0.003;0.002;0.001
0.002;0.001;0.004;0.000;0.002;0.000;0.005;0.001;0.002;0.000;0.000;0.000;0.004;0.001;0.003;0.001;0.002;0.002;0.008;0.001;0.000;0.000;0.002;0.001
0.000;0.003;0.004;0.002;0.000;0.004;0.005;0.002;0.008;0.004;0.001;0.004;0.001;0.003;0.005;0.000;0.000;0.004;0.005;0.002;0.000;0.001;0.001;0.000
0.001;0.001;0.002;0.000;0.000;0.001;0.001;0.000;0.002;0.000;0.000;0.000;0.000;0.004;0.001;0.000;0.001;0.005;0.000;0.000;0.000;0.002;0.000;0.000
0.000;0.002;0.001;0.000;0.002;0.000;0.000;0.000;0.013;0.005;0.003;0.002;0.011;0.004;0.001;0.003;0.010;0.000;0.001;0.002;0.001;0.000;0.000;0.000
0.003;0.000;0.001;0.001;0.003;0.001;0.000;0.003;0.002;0.001;0.000;0.001;0.005;0.001;0.002;0.004;0.006;0.000;0.001;0.002;0.001;0.000;0.002;0.001
0.002;0.000;0.001;0.004;0.006;0.000;0.002;0.004;0.000;0.001;0.002;0.002;0.011;0.000;0.006;0.006;0.004;0.000;0.002;0.004;0.000;0.000;0.000;0.002
0.003;0.002;0.001;0.002;0.007;0.002;0.001;0.003;0.004;0.002;0.001;0.002;0.021;0.002;0.004;0.007;0.011;0.001;0.002;0.004;0.004;0.000;0.002;0.001
0.002;0.002;0.001;0.000;0.003;0.002;0.002;0.000;0.003;0.001;0.000;0.001;0.006;0.006;0.000;0.001;0.006;0.003;0.000;0.001;0.002;0.001;0.000;0.001
0.001;0.001;0.001;0.001;0.001;0.001;0.001;0.002;0.003;0.001;0.002;0.003;0.003;0.001;0.002;0.004;0.057;0.039;0.005;0.003;0.000;0.000;0.000;0.001
0.003;0.004;0.001;0.000;0.005;0.009;0.002;0.001;0.003;0.003;0.004;0.001;0.008;0.014;0.000;0.000;0.033;0.017;0.017;0.009;0.000;0.001;0.001;0.000
0.004;0.002;0.001;0.000;0.008;0.005;0.002;0.000;0.000;0.004;0.001;0.001;0.002;0.012;0.005;0.004;0.014;0.030;0.018;0.007;0.000;0.001;0.001;0.000
0.001;0.000;0.000;0.001;0.000;0.000;0.001;0.001;0.001;0.002;0.000;0.001;0.001;0.001;0.001;0.002;0.001;0.001;0.001;0.000;0.000;0.000;0.000;0.000
0.001;0.000;0.001;0.002;0.000;0.001;0.001;0.001;0.003;0.002;0.001;0.005;0.005;0.005;0.005;0.001;0.002;0.001;0.002;0.001;0.002;0.002;0.001;0.001
0.002;0.003;0.003;0.004;0.001;0.004;0.004;0.003;0.001;0.003;0.002;0.003;0.000;0.007;0.005;0.009;0.005;0.008;0.001;0.008;0.001;0.002;0.001;0.002
0.004;0.003;0.001;0.001;0.001;0.004;0.001;0.003;0.001;0.000;0.002;0.004;0.002;0.002;0.001;0.012;0.002;0.003;0.000;0.001;0.001;0.000;0.001;0.001
0.001;0.007;0.003;0.005;0.004;0.001;0.001;0.004;0.018;0.012;0.025;0.000;0.023;0.000;0.009;0.010;0.001;0.002;0.001;0.006;0.001;0.003;0.002;0.000
0.007;0.008;0.001;0.000;0.012;0.004;0.003;0.001;0.006;0.023;0.014;0.016;0.027;0.004;0.012;0.018;0.014;0.003;0.001;0.001;0.002;0.002;0.001;0.001
0.005;0.004;0.009;0.005;0.002;0.002;0.011;0.002;0.000;0.000;0.003;0.001;0.010;0.002;0.012;0.003;0.002;0.006;0.013;0.005;0.001;0.001;0.000;0.001
0.001;0.010;0.006;0.001;0.006;0.016;0.002;0.000;0.004;0.013;0.013;0.005;0.056;0.220;0.187;0.014;0.022;0.049;0.012;0.008;0.013;0.008;0.008;0.002
0.007;0.001;0.004;0.000;0.017;0.002;0.017;0.006;0.023;0.003;0.004;0.016;0.107;0.017;0.143;0.127;0.021;0.040;0.049;0.009;0.014;0.000;0.005;0.016
0.005;0.005;0.000;0.001;0.003;0.000;0.002;0.004;0.011;0.005;0.003;0.002;0.125;0.026;0.022;0.019;0.085;0.121;0.083;0.070;0.002;0.001;0.000;0.001
0.018;0.008;0.002;0.003;0.059;0.011;0.004;0.004;0.153;0.040;0.003;0.009;0.438;0.160;0.022;0.046;0.300;0.088;0.007;0.014;0.100;0.034;0.004;0.005
0.013;0.008;0.003;0.002;0.015;0.008;0.002;0.007;0.134;0.060;0.000;0.048;0.146;0.060;0.002;0.046;0.431;0.152;0.024;0.154;0.093;0.047;0.004;0.022
0.069;0.038;0.004;0.010;0.028;0.019;0.006;0.004;0.207;0.057;0.039;0.029;0.191;0.057;0.008;0.018;0.040;0.019;0.017;0.018;0.008;0.001;0.003;0.004
0.030;0.002;0.007;0.006;0.030;0.004;0.001;0.017;0.159;0.093;0.010;0.037;0.062;0.025;0.020;0.021;0.026;0.008;0.005;0.010;0.021;0.005;0.000;0.002
0.026;0.009;0.022;0.009;0.035;0.007;0.018;0.000;0.141;0.065;0.045;0.041;0.253;0.127;0.046;0.050;0.120;0.025;0.024;0.010;0.047;0.004;0.004;0.001
0.030;0.005;0.001;0.003;0.026;0.011;0.002;0.003;0.290;0.074;0.048;0.053;0.138;0.043;0.018;0.010;0.134;0.035;0.006;0.007;0.044;0.009;0.001;0.003
0.003;0.002;0.001;0.000;0.003;0.004;0.001;0.001;0.045;0.022;0.006;0.005;0.007;0.014;0.016;0.014;0.046;0.033;0.015;0.003;0.005;0.001;0.001;0.000
0.015;0.003;0.009;0.005;0.011;0.012;0.008;0.002;0.130;0.024;0.002;0.008;0.047;0.005;0.010;0.002;0.019;0.001;0.001;0.007;0.040;0.005;0.002;0.003
0.021;0.015;0.002;0.020;0.018;0.014;0.000;0.001;0.003;0.004;0.098;0.002;0.014;0.002;0.022;0.012;0.025;0.048;0.002;0.010;0.040;0.029;0.000;0.011
0.009;0.003;0.005;0.008;0.010;0.004;0.010;0.001;0.088;0.105;0.047;0.027;0.029;0.002;0.010;0.001;0.003;0.007;0.016;0.001;0.000;0.000;0.000;0.001
0.005;0.000;0.002;0.002;0.001;0.002;0.000;0.000;0.010;0.045;0.020;0.015;0.002;0.004;0.001;0.002;0.000;0.000;0.001;0.001;0.002;0.001;0.001;0.002
0.006;0.002;0.001;0.006;0.002;0.007;0.001;0.003;0.039;0.033;0.024;0.016;0.007;0.012;0.001;0.006;0.000;0.003;0.001;0.001;0.001;0.001;0.000;0.002
0.003;0.000;0.003;0.000;0.002;0.001;0.003;0.002;0.006;0.008;0.009;0.000;0.004;0.000;0.004;0.001;0.000;0.000;0.002;0.000;0.003;0.000;0.002;0.000
0.001;0.001;0.001;0.002;0.000;0.002;0.001;0.005;0.006;0.002;0.000;0.000;0.002;0.001;0.000;0.001;0.000;0.000;0.001;0.003;0.001;0.001;0.001;0.001
0.001;0.002;0.003;0.000;0.003;0.004;0.002;0.003;0.013;0.005;0.004;0.002;0.007;0.003;0.002;0.001;0.003;0.004;0.002;0.002;0.004;0.002;0.001;0.001
0.004;0.006;0.010;0.003;0.006;0.002;0.009;0.001;0.046;0.014;0.027;0.004;0.020;0.010;0.018;0.002;0.036;0.013;0.025;0.006;0.020;0.009;0.013;0.005
0.003;0.001;0.002;0.004;0.002;0.001;0.002;0.001;0.026;0.032;0.015;0.021;0.023;0.005;0.016;0.002;0.021;0.010;0.016;0.008;0.011;0.010;0.008;0.009
0.002;0.001;0.000;0.000;0.000;0.004;0.000;0.001;0.005;0.000;0.000;0.000;0.007;0.011;0.002;0.003;0.000;0.002;0.001;0.001;0.001;0.000;0.000;0.000
0.007;0.000;0.002;0.001;0.008;0.001;0.004;0.003;0.003;0.000;0.001;0.001;0.012;0.004;0.006;0.006;0.005;0.001;0.004;0.001;0.001;0.000;0.001;0.000
0.002;0.003;0.001;0.001;0.004;0.001;0.004;0.000;0.000;0.001;0.001;0.002;0.007;0.000;0.011;0.000;0.001;0.000;0.002;0.000;0.000;0.003;0.001;0.000
0.005;0.007;0.004;0.002;0.003;0.008;0.007;0.005;0.015;0.014;0.007;0.010;0.013;0.025;0.007;0.017;0.019;0.018;0.013;0.007;0.018;0.008;0.011;0.004
0.013;0.005;0.002;0.003;0.019;0.006;0.002;0.010;0.007;0.018;0.014;0.005;0.064;0.028;0.004;0.016;0.064;0.023;0.002;0.014;0.022;0.014;0.004;0.005
0.002;0.001;0.001;0.000;0.005;0.004;0.003;0.004;0.002;0.002;0.004;0.005;0.006;0.014;0.006;0.007;0.008;0.004;0.006;0.004;0.001;0.000;0.000;0.000
0.000;0.001;0.002;0.000;0.005;0.003;0.001;0.001;0.006;0.003;0.005;0.003;0.002;0.007;0.001;0.004;0.000;0.001;0.001;0.000;0.001;0.000;0.000;0.000
0.000;0.000;0.001;0.005;0.002;0.005;0.001;0.019;0.004;0.020;0.000;0.003;0.011;0.013;0.013;0.018;0.008;0.002;0.007;0.010;0.005;0.001;0.001;0.001
0.002;0.004;0.000;0.006;0.019;0.004;0.002;0.008;0.046;0.001;0.031;0.002;0.113;0.007;0.013;0.013;0.035;0.004;0.003;0.012;0.001;0.001;0.001;0.001
0.001;0.001;0.001;0.005;0.017;0.003;0.000;0.002;0.025;0.035;0.003;0.008;0.056;0.000;0.023;0.019;0.009;0.003;0.006;0.010;0.002;0.009;0.001;0.006
0.002;0.006;0.001;0.001;0.012;0.010;0.005;0.000;0.019;0.011;0.026;0.009;0.043;0.042;0.057;0.001;0.020;0.024;0.016;0.001;0.001;0.001;0.000;0.000
0.002;0.001;0.006;0.000;0.002;0.014;0.003;0.000;0.011;0.012;0.004;0.000;0.020;0.054;0.001;0.003;0.000;0.010;0.006;0.000;0.001;0.001;0.001;0.001
0.016;0.008;0.002;0.001;0.021;0.005;0.002;0.001;0.019;0.042;0.010;0.006;0.045;0.014;0.004;0.012;0.040;0.013;0.003;0.004;0.023;0.020;0.009;0.004
0.008;0.014;0.002;0.000;0.006;0.015;0.003;0.002;0.047;0.017;0.021;0.008;0.008;0.005;0.000;0.002;0.018;0.013;0.002;0.000;0.019;0.010;0.008;0.004
0.043;0.010;0.007;0.003;0.062;0.007;0.004;0.004;0.006;0.035;0.017;0.000;4.225;1.399;0.669;0.210;1.275;0.412;0.067;0.012;0.034;0.015;0.011;0.003
0.047;0.008;0.007;0.007;0.055;0.016;0.000;0.008;0.019;0.112;0.023;0.008;3.234;1.508;1.041;0.333;0.774;0.415;0.214;0.025;0.030;0.012;0.005;0.005
0.022;0.008;0.003;0.003;0.025;0.000;0.004;0.004;0.025;0.017;0.012;0.011;0.209;0.133;0.035;0.051;0.199;0.132;0.056;0.036;0.008;0.001;0.001;0.001
0.009;0.005;0.000;0.002;0.010;0.001;0.002;0.004;0.021;0.016;0.005;0.012;0.005;0.011;0.005;0.008;0.014;0.018;0.001;0.013;0.002;0.001;0.000;0.000
